query,db,subject,run_index,elapsed_ms,rows_returned
Q1,neo4j,u0005199,0,4.3934,1
Q1,mongo,u0005199,0,1.8609,1
Q1,neo4j,u0005199,1,4.5323,1
Q1,mongo,u0005199,1,3.5200,1
Q1,neo4j,u0005199,2,7.6610,1
Q1,mongo,u0005199,2,6.4276,1
Q1,neo4j,u0005199,3,6.0209,1
Q1,mongo,u0005199,3,11.0597,1
Q1,neo4j,u0005199,4,5.4926,1
Q1,mongo,u0005199,4,5.1702,1
Q1,neo4j,u0005199,5,5.2859,1
Q1,mongo,u0005199,5,6.7863,1
Q1,neo4j,u0005199,6,5.6266,1
Q1,mongo,u0005199,6,9.3946,1
Q1,neo4j,u0005199,7,5.3806,1
Q1,mongo,u0005199,7,10.3256,1
Q1,neo4j,u0005199,8,5.1140,1
Q1,mongo,u0005199,8,4.0450,1
Q1,neo4j,u0005199,9,5.0131,1
Q1,mongo,u0005199,9,6.0227,1
Q1,neo4j,u0005199,10,4.6833,1
Q1,mongo,u0005199,10,10.6196,1
Q1,neo4j,u0005199,11,5.8992,1
Q1,mongo,u0005199,11,6.2103,1
Q1,neo4j,u0005199,12,5.9241,1
Q1,mongo,u0005199,12,11.3689,1
Q1,neo4j,u0005199,13,6.1124,1
Q1,mongo,u0005199,13,5.9189,1
Q1,neo4j,u0005199,14,6.3670,1
Q1,mongo,u0005199,14,6.3452,1
Q1,neo4j,u0005199,15,5.8829,1
Q1,mongo,u0005199,15,3.0669,1
Q1,neo4j,u0005199,16,5.6103,1
Q1,mongo,u0005199,16,6.2603,1
Q1,neo4j,u0005199,17,5.1804,1
Q1,mongo,u0005199,17,3.0363,1
Q1,neo4j,u0005199,18,6.7231,1
Q1,mongo,u0005199,18,2.6411,1
Q1,neo4j,u0005199,19,6.7432,1
Q1,mongo,u0005199,19,11.0126,1
Q2,neo4j,u0005199,0,5.5803,0
Q2,mongo,u0005199,0,2.2953,0
Q2,neo4j,u0005199,1,4.9666,0
Q2,mongo,u0005199,1,3.4669,0
Q2,neo4j,u0005199,2,6.1961,0
Q2,mongo,u0005199,2,2.9655,0
Q2,neo4j,u0005199,3,5.7190,0
Q2,mongo,u0005199,3,3.3823,0
Q2,neo4j,u0005199,4,5.8746,0
Q2,mongo,u0005199,4,6.2333,0
Q2,neo4j,u0005199,5,6.1019,0
Q2,mongo,u0005199,5,3.1484,0
Q2,neo4j,u0005199,6,5.7876,0
Q2,mongo,u0005199,6,3.4350,0
Q2,neo4j,u0005199,7,6.0533,0
Q2,mongo,u0005199,7,2.4673,0
Q2,neo4j,u0005199,8,5.4403,0
Q2,mongo,u0005199,8,2.5132,0
Q2,neo4j,u0005199,9,6.3854,0
Q2,mongo,u0005199,9,2.8907,0
Q2,neo4j,u0005199,10,6.0957,0
Q2,mongo,u0005199,10,2.7820,0
Q2,neo4j,u0005199,11,5.5067,0
Q2,mongo,u0005199,11,2.5087,0
Q2,neo4j,u0005199,12,5.5676,0
Q2,mongo,u0005199,12,2.6588,0
Q2,neo4j,u0005199,13,5.7348,0
Q2,mongo,u0005199,13,3.2173,0
Q2,neo4j,u0005199,14,5.3751,0
Q2,mongo,u0005199,14,6.3759,0
Q2,neo4j,u0005199,15,5.9843,0
Q2,mongo,u0005199,15,2.8393,0
Q2,neo4j,u0005199,16,5.6603,0
Q2,mongo,u0005199,16,2.8988,0
Q2,neo4j,u0005199,17,5.2096,0
Q2,mongo,u0005199,17,2.3165,0
Q2,neo4j,u0005199,18,5.4840,0
Q2,mongo,u0005199,18,2.9235,0
Q2,neo4j,u0005199,19,5.6753,0
Q2,mongo,u0005199,19,2.5714,0
Q3,neo4j,u0005199,0,9.2234,44
Q3,mongo,u0005199,0,71.5260,44
Q3,neo4j,u0005199,1,10.3210,44
Q3,mongo,u0005199,1,47.2118,44
Q3,neo4j,u0005199,2,9.3790,44
Q3,mongo,u0005199,2,54.5026,44
Q3,neo4j,u0005199,3,9.8498,44
Q3,mongo,u0005199,3,50.9704,44
Q3,neo4j,u0005199,4,9.6564,44
Q3,mongo,u0005199,4,57.7266,44
Q3,neo4j,u0005199,5,9.5343,44
Q3,mongo,u0005199,5,50.2991,44
Q3,neo4j,u0005199,6,8.1627,44
Q3,mongo,u0005199,6,74.8845,44
Q3,neo4j,u0005199,7,9.1133,44
Q3,mongo,u0005199,7,56.1725,44
Q3,neo4j,u0005199,8,12.3970,44
Q3,mongo,u0005199,8,39.9891,44
Q3,neo4j,u0005199,9,11.7108,44
Q3,mongo,u0005199,9,51.3286,44
Q3,neo4j,u0005199,10,8.5508,44
Q3,mongo,u0005199,10,42.4954,44
Q3,neo4j,u0005199,11,9.1463,44
Q3,mongo,u0005199,11,44.8084,44
Q3,neo4j,u0005199,12,9.0969,44
Q3,mongo,u0005199,12,59.8755,44
Q3,neo4j,u0005199,13,9.1281,44
Q3,mongo,u0005199,13,43.8937,44
Q3,neo4j,u0005199,14,9.7530,44
Q3,mongo,u0005199,14,43.1182,44
Q3,neo4j,u0005199,15,8.3623,44
Q3,mongo,u0005199,15,67.8132,44
Q3,neo4j,u0005199,16,9.2030,44
Q3,mongo,u0005199,16,45.2745,44
Q3,neo4j,u0005199,17,9.2062,44
Q3,mongo,u0005199,17,40.2983,44
Q3,neo4j,u0005199,18,8.3395,44
Q3,mongo,u0005199,18,69.8011,44
Q3,neo4j,u0005199,19,9.3247,44
Q3,mongo,u0005199,19,35.5488,44
Q4,neo4j,u0005199,0,7.9546,50
Q4,mongo,u0005199,0,19.9505,50
Q4,neo4j,u0005199,1,7.8582,50
Q4,mongo,u0005199,1,16.1050,50
Q4,neo4j,u0005199,2,7.5505,50
Q4,mongo,u0005199,2,18.0135,50
Q4,neo4j,u0005199,3,7.8284,50
Q4,mongo,u0005199,3,19.4776,50
Q4,neo4j,u0005199,4,7.5568,50
Q4,mongo,u0005199,4,18.7931,50
Q4,neo4j,u0005199,5,8.0583,50
Q4,mongo,u0005199,5,22.2352,50
Q4,neo4j,u0005199,6,8.8154,50
Q4,mongo,u0005199,6,34.9280,50
Q4,neo4j,u0005199,7,8.2297,50
Q4,mongo,u0005199,7,16.3103,50
Q4,neo4j,u0005199,8,7.2823,50
Q4,mongo,u0005199,8,18.5775,50
Q4,neo4j,u0005199,9,8.5018,50
Q4,mongo,u0005199,9,20.7538,50
Q4,neo4j,u0005199,10,8.0660,50
Q4,mongo,u0005199,10,18.8019,50
Q4,neo4j,u0005199,11,7.2331,50
Q4,mongo,u0005199,11,23.2330,50
Q4,neo4j,u0005199,12,8.2197,50
Q4,mongo,u0005199,12,21.1690,50
Q4,neo4j,u0005199,13,8.4738,50
Q4,mongo,u0005199,13,17.3454,50
Q4,neo4j,u0005199,14,8.0817,50
Q4,mongo,u0005199,14,20.5798,50
Q4,neo4j,u0005199,15,7.6629,50
Q4,mongo,u0005199,15,33.6232,50
Q4,neo4j,u0005199,16,8.1775,50
Q4,mongo,u0005199,16,19.3000,50
Q4,neo4j,u0005199,17,7.4789,50
Q4,mongo,u0005199,17,16.1391,50
Q4,neo4j,u0005199,18,7.1622,50
Q4,mongo,u0005199,18,17.6855,50
Q4,neo4j,u0005199,19,7.2298,50
Q4,mongo,u0005199,19,16.6666,50
Q1,neo4j,u0004831,0,4.7387,1
Q1,mongo,u0004831,0,2.4369,1
Q1,neo4j,u0004831,1,4.8140,1
Q1,mongo,u0004831,1,2.4017,1
Q1,neo4j,u0004831,2,5.2232,1
Q1,mongo,u0004831,2,2.2396,1
Q1,neo4j,u0004831,3,4.9141,1
Q1,mongo,u0004831,3,2.2116,1
Q1,neo4j,u0004831,4,4.2482,1
Q1,mongo,u0004831,4,2.2737,1
Q1,neo4j,u0004831,5,5.3632,1
Q1,mongo,u0004831,5,2.7181,1
Q1,neo4j,u0004831,6,4.4069,1
Q1,mongo,u0004831,6,2.2648,1
Q1,neo4j,u0004831,7,4.5551,1
Q1,mongo,u0004831,7,1.9175,1
Q1,neo4j,u0004831,8,4.7101,1
Q1,mongo,u0004831,8,2.0631,1
Q1,neo4j,u0004831,9,4.6675,1
Q1,mongo,u0004831,9,1.7152,1
Q1,neo4j,u0004831,10,4.6083,1
Q1,mongo,u0004831,10,2.4155,1
Q1,neo4j,u0004831,11,4.6747,1
Q1,mongo,u0004831,11,1.9701,1
Q1,neo4j,u0004831,12,5.0462,1
Q1,mongo,u0004831,12,2.4574,1
Q1,neo4j,u0004831,13,5.3554,1
Q1,mongo,u0004831,13,2.3473,1
Q1,neo4j,u0004831,14,4.9012,1
Q1,mongo,u0004831,14,2.2245,1
Q1,neo4j,u0004831,15,4.2029,1
Q1,mongo,u0004831,15,2.4119,1
Q1,neo4j,u0004831,16,4.7233,1
Q1,mongo,u0004831,16,1.9638,1
Q1,neo4j,u0004831,17,4.2538,1
Q1,mongo,u0004831,17,1.9236,1
Q1,neo4j,u0004831,18,4.6165,1
Q1,mongo,u0004831,18,2.0895,1
Q1,neo4j,u0004831,19,4.5428,1
Q1,mongo,u0004831,19,4.5828,1
Q2,neo4j,u0004831,0,5.4909,0
Q2,mongo,u0004831,0,9.6003,0
Q2,neo4j,u0004831,1,5.4914,0
Q2,mongo,u0004831,1,2.5204,0
Q2,neo4j,u0004831,2,4.9266,0
Q2,mongo,u0004831,2,2.3369,0
Q2,neo4j,u0004831,3,4.6065,0
Q2,mongo,u0004831,3,2.1697,0
Q2,neo4j,u0004831,4,4.1977,0
Q2,mongo,u0004831,4,1.8861,0
Q2,neo4j,u0004831,5,4.4144,0
Q2,mongo,u0004831,5,2.2259,0
Q2,neo4j,u0004831,6,4.8121,0
Q2,mongo,u0004831,6,2.1193,0
Q2,neo4j,u0004831,7,4.3983,0
Q2,mongo,u0004831,7,1.9477,0
Q2,neo4j,u0004831,8,4.4486,0
Q2,mongo,u0004831,8,1.9474,0
Q2,neo4j,u0004831,9,5.0164,0
Q2,mongo,u0004831,9,2.4578,0
Q2,neo4j,u0004831,10,4.8618,0
Q2,mongo,u0004831,10,2.1159,0
Q2,neo4j,u0004831,11,4.2632,0
Q2,mongo,u0004831,11,1.7356,0
Q2,neo4j,u0004831,12,4.3831,0
Q2,mongo,u0004831,12,1.7247,0
Q2,neo4j,u0004831,13,4.6074,0
Q2,mongo,u0004831,13,2.3127,0
Q2,neo4j,u0004831,14,5.7768,0
Q2,mongo,u0004831,14,2.7293,0
Q2,neo4j,u0004831,15,5.3033,0
Q2,mongo,u0004831,15,2.4091,0
Q2,neo4j,u0004831,16,4.9918,0
Q2,mongo,u0004831,16,3.3617,0
Q2,neo4j,u0004831,17,5.5108,0
Q2,mongo,u0004831,17,2.3593,0
Q2,neo4j,u0004831,18,8.0176,0
Q2,mongo,u0004831,18,3.4913,0
Q2,neo4j,u0004831,19,5.3954,0
Q2,mongo,u0004831,19,3.0221,0
Q3,neo4j,u0004831,0,9.4513,52
Q3,mongo,u0004831,0,42.7443,52
Q3,neo4j,u0004831,1,7.9050,52
Q3,mongo,u0004831,1,54.2866,52
Q3,neo4j,u0004831,2,8.1127,52
Q3,mongo,u0004831,2,63.2071,52
Q3,neo4j,u0004831,3,8.1193,52
Q3,mongo,u0004831,3,49.6972,52
Q3,neo4j,u0004831,4,8.8310,52
Q3,mongo,u0004831,4,42.7222,52
Q3,neo4j,u0004831,5,8.7314,52
Q3,mongo,u0004831,5,45.6084,52
Q3,neo4j,u0004831,6,9.4747,52
Q3,mongo,u0004831,6,65.9431,52
Q3,neo4j,u0004831,7,9.1407,52
Q3,mongo,u0004831,7,48.1978,52
Q3,neo4j,u0004831,8,7.8923,52
Q3,mongo,u0004831,8,40.7079,52
Q3,neo4j,u0004831,9,7.4955,52
Q3,mongo,u0004831,9,67.4612,52
Q3,neo4j,u0004831,10,9.5450,52
Q3,mongo,u0004831,10,41.0634,52
Q3,neo4j,u0004831,11,8.3737,52
Q3,mongo,u0004831,11,47.5191,52
Q3,neo4j,u0004831,12,8.2734,52
Q3,mongo,u0004831,12,52.1715,52
Q3,neo4j,u0004831,13,7.8287,52
Q3,mongo,u0004831,13,46.7902,52
Q3,neo4j,u0004831,14,8.1029,52
Q3,mongo,u0004831,14,47.5117,52
Q3,neo4j,u0004831,15,8.1165,52
Q3,mongo,u0004831,15,83.9814,52
Q3,neo4j,u0004831,16,8.7119,52
Q3,mongo,u0004831,16,40.5735,52
Q3,neo4j,u0004831,17,7.2607,52
Q3,mongo,u0004831,17,49.5184,52
Q3,neo4j,u0004831,18,8.9554,52
Q3,mongo,u0004831,18,83.4953,52
Q3,neo4j,u0004831,19,9.8866,52
Q3,mongo,u0004831,19,48.2869,52
Q4,neo4j,u0004831,0,9.1163,50
Q4,mongo,u0004831,0,14.6877,50
Q4,neo4j,u0004831,1,7.0568,50
Q4,mongo,u0004831,1,17.9053,50
Q4,neo4j,u0004831,2,7.9000,50
Q4,mongo,u0004831,2,20.0727,50
Q4,neo4j,u0004831,3,7.8537,50
Q4,mongo,u0004831,3,15.1679,50
Q4,neo4j,u0004831,4,7.6945,50
Q4,mongo,u0004831,4,15.0568,50
Q4,neo4j,u0004831,5,7.1932,50
Q4,mongo,u0004831,5,14.9945,50
Q4,neo4j,u0004831,6,6.3590,50
Q4,mongo,u0004831,6,17.3767,50
Q4,neo4j,u0004831,7,7.6224,50
Q4,mongo,u0004831,7,18.6395,50
Q4,neo4j,u0004831,8,6.8282,50
Q4,mongo,u0004831,8,15.5781,50
Q4,neo4j,u0004831,9,7.3286,50
Q4,mongo,u0004831,9,17.1799,50
Q4,neo4j,u0004831,10,7.1870,50
Q4,mongo,u0004831,10,13.8145,50
Q4,neo4j,u0004831,11,7.1475,50
Q4,mongo,u0004831,11,40.0675,50
Q4,neo4j,u0004831,12,8.2400,50
Q4,mongo,u0004831,12,17.8971,50
Q4,neo4j,u0004831,13,7.8005,50
Q4,mongo,u0004831,13,17.7583,50
Q4,neo4j,u0004831,14,7.1172,50
Q4,mongo,u0004831,14,14.5266,50
Q4,neo4j,u0004831,15,7.3145,50
Q4,mongo,u0004831,15,18.0572,50
Q4,neo4j,u0004831,16,7.6555,50
Q4,mongo,u0004831,16,18.7588,50
Q4,neo4j,u0004831,17,7.4393,50
Q4,mongo,u0004831,17,15.1163,50
Q4,neo4j,u0004831,18,7.3190,50
Q4,mongo,u0004831,18,18.6200,50
Q4,neo4j,u0004831,19,6.7853,50
Q4,mongo,u0004831,19,16.9407,50
Q1,neo4j,u0009498,0,6.2225,1
Q1,mongo,u0009498,0,2.4907,1
Q1,neo4j,u0009498,1,5.4664,1
Q1,mongo,u0009498,1,2.0790,1
Q1,neo4j,u0009498,2,5.6442,1
Q1,mongo,u0009498,2,2.7917,1
Q1,neo4j,u0009498,3,5.9868,1
Q1,mongo,u0009498,3,2.6523,1
Q1,neo4j,u0009498,4,5.0138,1
Q1,mongo,u0009498,4,2.2141,1
Q1,neo4j,u0009498,5,5.0713,1
Q1,mongo,u0009498,5,2.5811,1
Q1,neo4j,u0009498,6,5.5329,1
Q1,mongo,u0009498,6,2.7371,1
Q1,neo4j,u0009498,7,5.9291,1
Q1,mongo,u0009498,7,2.8093,1
Q1,neo4j,u0009498,8,5.9570,1
Q1,mongo,u0009498,8,3.4408,1
Q1,neo4j,u0009498,9,7.0427,1
Q1,mongo,u0009498,9,2.7171,1
Q1,neo4j,u0009498,10,5.3042,1
Q1,mongo,u0009498,10,2.2527,1
Q1,neo4j,u0009498,11,4.9254,1
Q1,mongo,u0009498,11,1.9192,1
Q1,neo4j,u0009498,12,4.7218,1
Q1,mongo,u0009498,12,2.0410,1
Q1,neo4j,u0009498,13,5.1276,1
Q1,mongo,u0009498,13,2.4435,1
Q1,neo4j,u0009498,14,5.4207,1
Q1,mongo,u0009498,14,2.3700,1
Q1,neo4j,u0009498,15,5.2086,1
Q1,mongo,u0009498,15,3.5301,1
Q1,neo4j,u0009498,16,7.9625,1
Q1,mongo,u0009498,16,3.7203,1
Q1,neo4j,u0009498,17,7.1508,1
Q1,mongo,u0009498,17,4.4661,1
Q1,neo4j,u0009498,18,6.7172,1
Q1,mongo,u0009498,18,3.0728,1
Q1,neo4j,u0009498,19,6.8002,1
Q1,mongo,u0009498,19,3.2709,1
Q2,neo4j,u0009498,0,5.4600,0
Q2,mongo,u0009498,0,2.8151,0
Q2,neo4j,u0009498,1,5.2128,0
Q2,mongo,u0009498,1,2.9887,0
Q2,neo4j,u0009498,2,5.8759,0
Q2,mongo,u0009498,2,2.6224,0
Q2,neo4j,u0009498,3,4.9462,0
Q2,mongo,u0009498,3,2.3869,0
Q2,neo4j,u0009498,4,6.1480,0
Q2,mongo,u0009498,4,2.9418,0
Q2,neo4j,u0009498,5,5.0549,0
Q2,mongo,u0009498,5,2.1644,0
Q2,neo4j,u0009498,6,5.5261,0
Q2,mongo,u0009498,6,2.1926,0
Q2,neo4j,u0009498,7,4.7399,0
Q2,mongo,u0009498,7,2.0118,0
Q2,neo4j,u0009498,8,4.8237,0
Q2,mongo,u0009498,8,2.6519,0
Q2,neo4j,u0009498,9,5.7249,0
Q2,mongo,u0009498,9,2.7261,0
Q2,neo4j,u0009498,10,5.8428,0
Q2,mongo,u0009498,10,2.6882,0
Q2,neo4j,u0009498,11,4.8904,0
Q2,mongo,u0009498,11,2.0931,0
Q2,neo4j,u0009498,12,5.0188,0
Q2,mongo,u0009498,12,2.2038,0
Q2,neo4j,u0009498,13,4.9390,0
Q2,mongo,u0009498,13,2.1299,0
Q2,neo4j,u0009498,14,5.0758,0
Q2,mongo,u0009498,14,2.1640,0
Q2,neo4j,u0009498,15,4.6683,0
Q2,mongo,u0009498,15,2.0127,0
Q2,neo4j,u0009498,16,5.0037,0
Q2,mongo,u0009498,16,2.0192,0
Q2,neo4j,u0009498,17,4.7868,0
Q2,mongo,u0009498,17,2.0185,0
Q2,neo4j,u0009498,18,4.7394,0
Q2,mongo,u0009498,18,1.7400,0
Q2,neo4j,u0009498,19,4.5919,0
Q2,mongo,u0009498,19,1.7507,0
Q3,neo4j,u0009498,0,7.5137,43
Q3,mongo,u0009498,0,38.0017,43
Q3,neo4j,u0009498,1,7.9226,43
Q3,mongo,u0009498,1,53.1639,43
Q3,neo4j,u0009498,2,8.0481,43
Q3,mongo,u0009498,2,58.8171,43
Q3,neo4j,u0009498,3,8.4056,43
Q3,mongo,u0009498,3,52.7381,43
Q3,neo4j,u0009498,4,8.3549,43
Q3,mongo,u0009498,4,45.9660,43
Q3,neo4j,u0009498,5,7.5208,43
Q3,mongo,u0009498,5,48.0495,43
Q3,neo4j,u0009498,6,8.1665,43
Q3,mongo,u0009498,6,46.9752,43
Q3,neo4j,u0009498,7,7.7703,43
Q3,mongo,u0009498,7,38.6920,43
Q3,neo4j,u0009498,8,9.4587,43
Q3,mongo,u0009498,8,49.5839,43
Q3,neo4j,u0009498,9,8.1842,43
Q3,mongo,u0009498,9,49.6033,43
Q3,neo4j,u0009498,10,8.8674,43
Q3,mongo,u0009498,10,41.3361,43
Q3,neo4j,u0009498,11,11.4489,43
Q3,mongo,u0009498,11,53.8728,43
Q3,neo4j,u0009498,12,8.0876,43
Q3,mongo,u0009498,12,45.4178,43
Q3,neo4j,u0009498,13,8.6586,43
Q3,mongo,u0009498,13,35.2789,43
Q3,neo4j,u0009498,14,7.8439,43
Q3,mongo,u0009498,14,33.0733,43
Q3,neo4j,u0009498,15,7.4649,43
Q3,mongo,u0009498,15,30.9428,43
Q3,neo4j,u0009498,16,7.8825,43
Q3,mongo,u0009498,16,48.4054,43
Q3,neo4j,u0009498,17,8.0522,43
Q3,mongo,u0009498,17,38.8962,43
Q3,neo4j,u0009498,18,7.7312,43
Q3,mongo,u0009498,18,35.3912,43
Q3,neo4j,u0009498,19,8.0534,43
Q3,mongo,u0009498,19,74.0989,43
Q4,neo4j,u0009498,0,7.7822,44
Q4,mongo,u0009498,0,20.9359,44
Q4,neo4j,u0009498,1,7.8933,44
Q4,mongo,u0009498,1,19.7843,44
Q4,neo4j,u0009498,2,8.0235,44
Q4,mongo,u0009498,2,25.8081,44
Q4,neo4j,u0009498,3,8.1606,44
Q4,mongo,u0009498,3,16.1754,44
Q4,neo4j,u0009498,4,8.1372,44
Q4,mongo,u0009498,4,18.5151,44
Q4,neo4j,u0009498,5,6.6172,44
Q4,mongo,u0009498,5,16.3233,44
Q4,neo4j,u0009498,6,6.6694,44
Q4,mongo,u0009498,6,19.0298,44
Q4,neo4j,u0009498,7,7.4614,44
Q4,mongo,u0009498,7,19.2742,44
Q4,neo4j,u0009498,8,7.2804,44
Q4,mongo,u0009498,8,22.3112,44
Q4,neo4j,u0009498,9,6.8907,44
Q4,mongo,u0009498,9,18.1934,44
Q4,neo4j,u0009498,10,8.4902,44
Q4,mongo,u0009498,10,15.9522,44
Q4,neo4j,u0009498,11,8.2768,44
Q4,mongo,u0009498,11,16.2730,44
Q4,neo4j,u0009498,12,7.8322,44
Q4,mongo,u0009498,12,16.5002,44
Q4,neo4j,u0009498,13,7.5955,44
Q4,mongo,u0009498,13,31.5815,44
Q4,neo4j,u0009498,14,7.3943,44
Q4,mongo,u0009498,14,17.1946,44
Q4,neo4j,u0009498,15,7.4513,44
Q4,mongo,u0009498,15,19.0592,44
Q4,neo4j,u0009498,16,6.9064,44
Q4,mongo,u0009498,16,14.2871,44
Q4,neo4j,u0009498,17,6.9456,44
Q4,mongo,u0009498,17,15.8757,44
Q4,neo4j,u0009498,18,6.3691,44
Q4,mongo,u0009498,18,14.5967,44
Q4,neo4j,u0009498,19,6.5636,44
Q4,mongo,u0009498,19,14.2923,44
Q1,neo4j,u0009362,0,5.2384,1
Q1,mongo,u0009362,0,2.0131,1
Q1,neo4j,u0009362,1,5.0675,1
Q1,mongo,u0009362,1,2.2143,1
Q1,neo4j,u0009362,2,5.2712,1
Q1,mongo,u0009362,2,2.1256,1
Q1,neo4j,u0009362,3,4.9989,1
Q1,mongo,u0009362,3,2.5416,1
Q1,neo4j,u0009362,4,6.1735,1
Q1,mongo,u0009362,4,2.3594,1
Q1,neo4j,u0009362,5,4.9420,1
Q1,mongo,u0009362,5,2.2418,1
Q1,neo4j,u0009362,6,5.0581,1
Q1,mongo,u0009362,6,2.5963,1
Q1,neo4j,u0009362,7,4.8539,1
Q1,mongo,u0009362,7,2.1755,1
Q1,neo4j,u0009362,8,4.3641,1
Q1,mongo,u0009362,8,1.8785,1
Q1,neo4j,u0009362,9,4.2156,1
Q1,mongo,u0009362,9,1.9915,1
Q1,neo4j,u0009362,10,4.7167,1
Q1,mongo,u0009362,10,1.8669,1
Q1,neo4j,u0009362,11,4.0960,1
Q1,mongo,u0009362,11,1.8733,1
Q1,neo4j,u0009362,12,4.4936,1
Q1,mongo,u0009362,12,1.8992,1
Q1,neo4j,u0009362,13,5.1895,1
Q1,mongo,u0009362,13,2.4959,1
Q1,neo4j,u0009362,14,5.7191,1
Q1,mongo,u0009362,14,2.2827,1
Q1,neo4j,u0009362,15,5.0198,1
Q1,mongo,u0009362,15,2.0790,1
Q1,neo4j,u0009362,16,5.0165,1
Q1,mongo,u0009362,16,2.3614,1
Q1,neo4j,u0009362,17,4.7362,1
Q1,mongo,u0009362,17,2.0763,1
Q1,neo4j,u0009362,18,4.3289,1
Q1,mongo,u0009362,18,2.0283,1
Q1,neo4j,u0009362,19,4.8017,1
Q1,mongo,u0009362,19,2.0434,1
Q2,neo4j,u0009362,0,4.6047,0
Q2,mongo,u0009362,0,1.7577,0
Q2,neo4j,u0009362,1,4.6030,0
Q2,mongo,u0009362,1,1.7713,0
Q2,neo4j,u0009362,2,4.8426,0
Q2,mongo,u0009362,2,3.3836,0
Q2,neo4j,u0009362,3,5.9777,0
Q2,mongo,u0009362,3,2.8068,0
Q2,neo4j,u0009362,4,6.0304,0
Q2,mongo,u0009362,4,2.0253,0
Q2,neo4j,u0009362,5,5.8048,0
Q2,mongo,u0009362,5,2.9205,0
Q2,neo4j,u0009362,6,5.3599,0
Q2,mongo,u0009362,6,2.2304,0
Q2,neo4j,u0009362,7,6.2202,0
Q2,mongo,u0009362,7,2.2357,0
Q2,neo4j,u0009362,8,5.7803,0
Q2,mongo,u0009362,8,1.8920,0
Q2,neo4j,u0009362,9,4.9797,0
Q2,mongo,u0009362,9,2.0009,0
Q2,neo4j,u0009362,10,5.2664,0
Q2,mongo,u0009362,10,2.1915,0
Q2,neo4j,u0009362,11,5.1411,0
Q2,mongo,u0009362,11,2.1699,0
Q2,neo4j,u0009362,12,4.6722,0
Q2,mongo,u0009362,12,1.7862,0
Q2,neo4j,u0009362,13,4.3812,0
Q2,mongo,u0009362,13,1.6848,0
Q2,neo4j,u0009362,14,4.6301,0
Q2,mongo,u0009362,14,1.7974,0
Q2,neo4j,u0009362,15,4.7954,0
Q2,mongo,u0009362,15,1.7779,0
Q2,neo4j,u0009362,16,4.5511,0
Q2,mongo,u0009362,16,1.7429,0
Q2,neo4j,u0009362,17,5.2301,0
Q2,mongo,u0009362,17,2.1334,0
Q2,neo4j,u0009362,18,4.7868,0
Q2,mongo,u0009362,18,2.5614,0
Q2,neo4j,u0009362,19,6.0286,0
Q2,mongo,u0009362,19,2.2166,0
Q3,neo4j,u0009362,0,8.2790,38
Q3,mongo,u0009362,0,31.0604,38
Q3,neo4j,u0009362,1,8.0743,38
Q3,mongo,u0009362,1,42.5102,38
Q3,neo4j,u0009362,2,7.7922,38
Q3,mongo,u0009362,2,40.4825,38
Q3,neo4j,u0009362,3,7.0957,38
Q3,mongo,u0009362,3,63.4112,38
Q3,neo4j,u0009362,4,8.4643,38
Q3,mongo,u0009362,4,43.1151,38
Q3,neo4j,u0009362,5,8.0262,38
Q3,mongo,u0009362,5,50.6567,38
Q3,neo4j,u0009362,6,8.7612,38
Q3,mongo,u0009362,6,49.3647,38
Q3,neo4j,u0009362,7,7.3626,38
Q3,mongo,u0009362,7,47.6378,38
Q3,neo4j,u0009362,8,7.9701,38
Q3,mongo,u0009362,8,35.4551,38
Q3,neo4j,u0009362,9,7.6139,38
Q3,mongo,u0009362,9,34.9631,38
Q3,neo4j,u0009362,10,7.8391,38
Q3,mongo,u0009362,10,57.8161,38
Q3,neo4j,u0009362,11,7.4417,38
Q3,mongo,u0009362,11,43.2907,38
Q3,neo4j,u0009362,12,8.5346,38
Q3,mongo,u0009362,12,38.5720,38
Q3,neo4j,u0009362,13,8.5242,38
Q3,mongo,u0009362,13,51.0337,38
Q3,neo4j,u0009362,14,7.9412,38
Q3,mongo,u0009362,14,45.1616,38
Q3,neo4j,u0009362,15,7.3219,38
Q3,mongo,u0009362,15,38.7188,38
Q3,neo4j,u0009362,16,7.6940,38
Q3,mongo,u0009362,16,48.1455,38
Q3,neo4j,u0009362,17,8.0471,38
Q3,mongo,u0009362,17,64.0266,38
Q3,neo4j,u0009362,18,7.9264,38
Q3,mongo,u0009362,18,45.8758,38
Q3,neo4j,u0009362,19,7.7179,38
Q3,mongo,u0009362,19,38.2002,38
Q4,neo4j,u0009362,0,7.4910,50
Q4,mongo,u0009362,0,21.0556,50
Q4,neo4j,u0009362,1,7.4407,50
Q4,mongo,u0009362,1,21.1250,50
Q4,neo4j,u0009362,2,6.9307,50
Q4,mongo,u0009362,2,27.7220,50
Q4,neo4j,u0009362,3,8.0017,50
Q4,mongo,u0009362,3,16.6035,50
Q4,neo4j,u0009362,4,8.0026,50
Q4,mongo,u0009362,4,23.6778,50
Q4,neo4j,u0009362,5,8.9497,50
Q4,mongo,u0009362,5,21.0529,50
Q4,neo4j,u0009362,6,7.0184,50
Q4,mongo,u0009362,6,45.6524,50
Q4,neo4j,u0009362,7,8.0597,50
Q4,mongo,u0009362,7,19.0174,50
Q4,neo4j,u0009362,8,7.5990,50
Q4,mongo,u0009362,8,22.0154,50
Q4,neo4j,u0009362,9,7.7484,50
Q4,mongo,u0009362,9,21.9810,50
Q4,neo4j,u0009362,10,9.3649,50
Q4,mongo,u0009362,10,20.8783,50
Q4,neo4j,u0009362,11,7.5214,50
Q4,mongo,u0009362,11,21.6395,50
Q4,neo4j,u0009362,12,7.1586,50
Q4,mongo,u0009362,12,19.6736,50
Q4,neo4j,u0009362,13,7.8421,50
Q4,mongo,u0009362,13,21.4422,50
Q4,neo4j,u0009362,14,7.3623,50
Q4,mongo,u0009362,14,21.7912,50
Q4,neo4j,u0009362,15,7.0946,50
Q4,mongo,u0009362,15,18.7336,50
Q4,neo4j,u0009362,16,7.1602,50
Q4,mongo,u0009362,16,43.9933,50
Q4,neo4j,u0009362,17,8.3784,50
Q4,mongo,u0009362,17,21.2840,50
Q4,neo4j,u0009362,18,6.7123,50
Q4,mongo,u0009362,18,17.9990,50
Q4,neo4j,u0009362,19,6.5797,50
Q4,mongo,u0009362,19,23.2439,50
Q1,neo4j,u0006556,0,4.3618,1
Q1,mongo,u0006556,0,1.7585,1
Q1,neo4j,u0006556,1,4.3392,1
Q1,mongo,u0006556,1,3.8745,1
Q1,neo4j,u0006556,2,7.1039,1
Q1,mongo,u0006556,2,5.0994,1
Q1,neo4j,u0006556,3,10.4013,1
Q1,mongo,u0006556,3,4.5575,1
Q1,neo4j,u0006556,4,9.6851,1
Q1,mongo,u0006556,4,5.2139,1
Q1,neo4j,u0006556,5,10.0940,1
Q1,mongo,u0006556,5,3.4921,1
Q1,neo4j,u0006556,6,11.4635,1
Q1,mongo,u0006556,6,3.7244,1
Q1,neo4j,u0006556,7,9.3306,1
Q1,mongo,u0006556,7,3.8637,1
Q1,neo4j,u0006556,8,9.9808,1
Q1,mongo,u0006556,8,3.5019,1
Q1,neo4j,u0006556,9,8.1255,1
Q1,mongo,u0006556,9,3.7676,1
Q1,neo4j,u0006556,10,7.2234,1
Q1,mongo,u0006556,10,2.8891,1
Q1,neo4j,u0006556,11,6.3336,1
Q1,mongo,u0006556,11,2.8938,1
Q1,neo4j,u0006556,12,5.6067,1
Q1,mongo,u0006556,12,2.4701,1
Q1,neo4j,u0006556,13,5.5911,1
Q1,mongo,u0006556,13,2.1846,1
Q1,neo4j,u0006556,14,5.3770,1
Q1,mongo,u0006556,14,2.6545,1
Q1,neo4j,u0006556,15,4.6856,1
Q1,mongo,u0006556,15,2.1289,1
Q1,neo4j,u0006556,16,4.2631,1
Q1,mongo,u0006556,16,2.1105,1
Q1,neo4j,u0006556,17,4.2002,1
Q1,mongo,u0006556,17,1.7984,1
Q1,neo4j,u0006556,18,3.6627,1
Q1,mongo,u0006556,18,1.5655,1
Q1,neo4j,u0006556,19,3.8318,1
Q1,mongo,u0006556,19,1.8307,1
Q2,neo4j,u0006556,0,3.9648,1
Q2,mongo,u0006556,0,2.7795,1
Q2,neo4j,u0006556,1,4.1849,1
Q2,mongo,u0006556,1,3.0628,1
Q2,neo4j,u0006556,2,4.7796,1
Q2,mongo,u0006556,2,3.7377,1
Q2,neo4j,u0006556,3,5.2245,1
Q2,mongo,u0006556,3,6.2541,1
Q2,neo4j,u0006556,4,5.3549,1
Q2,mongo,u0006556,4,4.2694,1
Q2,neo4j,u0006556,5,6.7884,1
Q2,mongo,u0006556,5,8.2312,1
Q2,neo4j,u0006556,6,6.1918,1
Q2,mongo,u0006556,6,5.7921,1
Q2,neo4j,u0006556,7,7.5501,1
Q2,mongo,u0006556,7,3.3535,1
Q2,neo4j,u0006556,8,4.9253,1
Q2,mongo,u0006556,8,3.7151,1
Q2,neo4j,u0006556,9,5.9458,1
Q2,mongo,u0006556,9,3.8547,1
Q2,neo4j,u0006556,10,5.1069,1
Q2,mongo,u0006556,10,3.3825,1
Q2,neo4j,u0006556,11,4.7091,1
Q2,mongo,u0006556,11,4.8694,1
Q2,neo4j,u0006556,12,5.5252,1
Q2,mongo,u0006556,12,3.5148,1
Q2,neo4j,u0006556,13,5.1028,1
Q2,mongo,u0006556,13,3.0216,1
Q2,neo4j,u0006556,14,5.5662,1
Q2,mongo,u0006556,14,3.5398,1
Q2,neo4j,u0006556,15,5.0104,1
Q2,mongo,u0006556,15,3.1614,1
Q2,neo4j,u0006556,16,4.4484,1
Q2,mongo,u0006556,16,2.7209,1
Q2,neo4j,u0006556,17,4.3253,1
Q2,mongo,u0006556,17,2.8373,1
Q2,neo4j,u0006556,18,4.2615,1
Q2,mongo,u0006556,18,2.6413,1
Q2,neo4j,u0006556,19,4.3997,1
Q2,mongo,u0006556,19,3.6132,1
Q3,neo4j,u0006556,0,8.5132,60
Q3,mongo,u0006556,0,49.7975,60
Q3,neo4j,u0006556,1,8.4815,60
Q3,mongo,u0006556,1,44.0977,60
Q3,neo4j,u0006556,2,8.8132,60
Q3,mongo,u0006556,2,89.8224,60
Q3,neo4j,u0006556,3,9.0756,60
Q3,mongo,u0006556,3,46.3817,60
Q3,neo4j,u0006556,4,8.2980,60
Q3,mongo,u0006556,4,45.8949,60
Q3,neo4j,u0006556,5,7.7277,60
Q3,mongo,u0006556,5,71.6782,60
Q3,neo4j,u0006556,6,8.2919,60
Q3,mongo,u0006556,6,42.8446,60
Q3,neo4j,u0006556,7,8.5469,60
Q3,mongo,u0006556,7,54.7638,60
Q3,neo4j,u0006556,8,9.4448,60
Q3,mongo,u0006556,8,65.1700,60
Q3,neo4j,u0006556,9,8.8244,60
Q3,mongo,u0006556,9,55.0388,60
Q3,neo4j,u0006556,10,8.1423,60
Q3,mongo,u0006556,10,46.0756,60
Q3,neo4j,u0006556,11,7.3129,60
Q3,mongo,u0006556,11,79.9087,60
Q3,neo4j,u0006556,12,10.0062,60
Q3,mongo,u0006556,12,45.1980,60
Q3,neo4j,u0006556,13,8.5338,60
Q3,mongo,u0006556,13,51.2239,60
Q3,neo4j,u0006556,14,10.3201,60
Q3,mongo,u0006556,14,61.9240,60
Q3,neo4j,u0006556,15,8.3712,60
Q3,mongo,u0006556,15,57.5259,60
Q3,neo4j,u0006556,16,9.4799,60
Q3,mongo,u0006556,16,39.4975,60
Q3,neo4j,u0006556,17,8.7548,60
Q3,mongo,u0006556,17,52.8021,60
Q3,neo4j,u0006556,18,7.9220,60
Q3,mongo,u0006556,18,74.8734,60
Q3,neo4j,u0006556,19,10.7701,60
Q3,mongo,u0006556,19,57.1964,60
Q4,neo4j,u0006556,0,6.3066,50
Q4,mongo,u0006556,0,35.0009,50
Q4,neo4j,u0006556,1,7.7721,50
Q4,mongo,u0006556,1,18.6243,50
Q4,neo4j,u0006556,2,7.2388,50
Q4,mongo,u0006556,2,15.6992,50
Q4,neo4j,u0006556,3,7.3905,50
Q4,mongo,u0006556,3,20.0566,50
Q4,neo4j,u0006556,4,8.2937,50
Q4,mongo,u0006556,4,18.7454,50
Q4,neo4j,u0006556,5,9.1046,50
Q4,mongo,u0006556,5,14.7943,50
Q4,neo4j,u0006556,6,7.5556,50
Q4,mongo,u0006556,6,15.1265,50
Q4,neo4j,u0006556,7,9.1281,50
Q4,mongo,u0006556,7,12.8834,50
Q4,neo4j,u0006556,8,6.6815,50
Q4,mongo,u0006556,8,13.8485,50
Q4,neo4j,u0006556,9,6.3980,50
Q4,mongo,u0006556,9,18.0807,50
Q4,neo4j,u0006556,10,7.2722,50
Q4,mongo,u0006556,10,13.8047,50
Q4,neo4j,u0006556,11,6.5459,50
Q4,mongo,u0006556,11,13.2264,50
Q4,neo4j,u0006556,12,6.1366,50
Q4,mongo,u0006556,12,13.0887,50
Q4,neo4j,u0006556,13,6.2441,50
Q4,mongo,u0006556,13,15.5291,50
Q4,neo4j,u0006556,14,6.9850,50
Q4,mongo,u0006556,14,17.0467,50
Q4,neo4j,u0006556,15,7.0213,50
Q4,mongo,u0006556,15,33.0246,50
Q4,neo4j,u0006556,16,7.2535,50
Q4,mongo,u0006556,16,13.8475,50
Q4,neo4j,u0006556,17,6.5120,50
Q4,mongo,u0006556,17,12.3955,50
Q4,neo4j,u0006556,18,7.7535,50
Q4,mongo,u0006556,18,16.4372,50
Q4,neo4j,u0006556,19,12.5241,50
Q4,mongo,u0006556,19,16.8846,50
Q1,neo4j,u0005261,0,5.1931,1
Q1,mongo,u0005261,0,1.9218,1
Q1,neo4j,u0005261,1,4.5933,1
Q1,mongo,u0005261,1,2.0894,1
Q1,neo4j,u0005261,2,4.4745,1
Q1,mongo,u0005261,2,1.4832,1
Q1,neo4j,u0005261,3,4.1065,1
Q1,mongo,u0005261,3,1.7099,1
Q1,neo4j,u0005261,4,4.4560,1
Q1,mongo,u0005261,4,1.9335,1
Q1,neo4j,u0005261,5,4.3955,1
Q1,mongo,u0005261,5,1.7666,1
Q1,neo4j,u0005261,6,4.3776,1
Q1,mongo,u0005261,6,1.7699,1
Q1,neo4j,u0005261,7,4.3433,1
Q1,mongo,u0005261,7,2.5489,1
Q1,neo4j,u0005261,8,5.7399,1
Q1,mongo,u0005261,8,2.1584,1
Q1,neo4j,u0005261,9,4.5037,1
Q1,mongo,u0005261,9,2.0870,1
Q1,neo4j,u0005261,10,4.1930,1
Q1,mongo,u0005261,10,1.4803,1
Q1,neo4j,u0005261,11,4.0358,1
Q1,mongo,u0005261,11,1.5341,1
Q1,neo4j,u0005261,12,4.4566,1
Q1,mongo,u0005261,12,1.9946,1
Q1,neo4j,u0005261,13,5.9724,1
Q1,mongo,u0005261,13,3.6187,1
Q1,neo4j,u0005261,14,5.1050,1
Q1,mongo,u0005261,14,1.9935,1
Q1,neo4j,u0005261,15,4.7371,1
Q1,mongo,u0005261,15,1.9452,1
Q1,neo4j,u0005261,16,4.6132,1
Q1,mongo,u0005261,16,1.8993,1
Q1,neo4j,u0005261,17,4.4256,1
Q1,mongo,u0005261,17,1.9671,1
Q1,neo4j,u0005261,18,4.8248,1
Q1,mongo,u0005261,18,1.6178,1
Q1,neo4j,u0005261,19,4.0881,1
Q1,mongo,u0005261,19,1.5531,1
Q2,neo4j,u0005261,0,4.7962,6
Q2,mongo,u0005261,0,4.0681,6
Q2,neo4j,u0005261,1,5.2535,6
Q2,mongo,u0005261,1,2.9940,6
Q2,neo4j,u0005261,2,4.4691,6
Q2,mongo,u0005261,2,2.7768,6
Q2,neo4j,u0005261,3,4.4510,6
Q2,mongo,u0005261,3,3.0716,6
Q2,neo4j,u0005261,4,4.8055,6
Q2,mongo,u0005261,4,3.1435,6
Q2,neo4j,u0005261,5,4.5586,6
Q2,mongo,u0005261,5,2.8680,6
Q2,neo4j,u0005261,6,4.2981,6
Q2,mongo,u0005261,6,3.0300,6
Q2,neo4j,u0005261,7,4.6723,6
Q2,mongo,u0005261,7,2.7986,6
Q2,neo4j,u0005261,8,4.8963,6
Q2,mongo,u0005261,8,5.3258,6
Q2,neo4j,u0005261,9,6.1578,6
Q2,mongo,u0005261,9,3.9202,6
Q2,neo4j,u0005261,10,5.1740,6
Q2,mongo,u0005261,10,3.4531,6
Q2,neo4j,u0005261,11,4.7052,6
Q2,mongo,u0005261,11,2.8161,6
Q2,neo4j,u0005261,12,4.4715,6
Q2,mongo,u0005261,12,2.9562,6
Q2,neo4j,u0005261,13,5.0574,6
Q2,mongo,u0005261,13,3.5136,6
Q2,neo4j,u0005261,14,4.5434,6
Q2,mongo,u0005261,14,2.7832,6
Q2,neo4j,u0005261,15,4.7046,6
Q2,mongo,u0005261,15,2.7907,6
Q2,neo4j,u0005261,16,4.1193,6
Q2,mongo,u0005261,16,2.7742,6
Q2,neo4j,u0005261,17,4.1119,6
Q2,mongo,u0005261,17,2.8280,6
Q2,neo4j,u0005261,18,4.0520,6
Q2,mongo,u0005261,18,2.5634,6
Q2,neo4j,u0005261,19,4.4579,6
Q2,mongo,u0005261,19,2.9906,6
Q3,neo4j,u0005261,0,8.1034,50
Q3,mongo,u0005261,0,56.7726,50
Q3,neo4j,u0005261,1,7.4702,50
Q3,mongo,u0005261,1,35.1365,50
Q3,neo4j,u0005261,2,8.2224,50
Q3,mongo,u0005261,2,49.8339,50
Q3,neo4j,u0005261,3,7.7038,50
Q3,mongo,u0005261,3,57.9826,50
Q3,neo4j,u0005261,4,9.4946,50
Q3,mongo,u0005261,4,48.5871,50
Q3,neo4j,u0005261,5,9.1398,50
Q3,mongo,u0005261,5,47.3529,50
Q3,neo4j,u0005261,6,8.5108,50
Q3,mongo,u0005261,6,69.7005,50
Q3,neo4j,u0005261,7,10.4408,50
Q3,mongo,u0005261,7,70.2647,50
Q3,neo4j,u0005261,8,8.3705,50
Q3,mongo,u0005261,8,46.4952,50
Q3,neo4j,u0005261,9,7.7431,50
Q3,mongo,u0005261,9,52.3895,50
Q3,neo4j,u0005261,10,8.8747,50
Q3,mongo,u0005261,10,83.8028,50
Q3,neo4j,u0005261,11,9.2361,50
Q3,mongo,u0005261,11,46.6337,50
Q3,neo4j,u0005261,12,8.1326,50
Q3,mongo,u0005261,12,55.2934,50
Q3,neo4j,u0005261,13,7.8366,50
Q3,mongo,u0005261,13,76.7810,50
Q3,neo4j,u0005261,14,9.2326,50
Q3,mongo,u0005261,14,65.7798,50
Q3,neo4j,u0005261,15,7.6921,50
Q3,mongo,u0005261,15,57.8242,50
Q3,neo4j,u0005261,16,10.2117,50
Q3,mongo,u0005261,16,67.2068,50
Q3,neo4j,u0005261,17,8.0796,50
Q3,mongo,u0005261,17,38.4397,50
Q3,neo4j,u0005261,18,7.4686,50
Q3,mongo,u0005261,18,46.2266,50
Q3,neo4j,u0005261,19,6.8220,50
Q3,mongo,u0005261,19,44.9301,50
Q4,neo4j,u0005261,0,6.0145,50
Q4,mongo,u0005261,0,13.8590,50
Q4,neo4j,u0005261,1,6.0587,50
Q4,mongo,u0005261,1,12.5750,50
Q4,neo4j,u0005261,2,5.5282,50
Q4,mongo,u0005261,2,11.9823,50
Q4,neo4j,u0005261,3,6.0906,50
Q4,mongo,u0005261,3,15.8764,50
Q4,neo4j,u0005261,4,6.8488,50
Q4,mongo,u0005261,4,21.6038,50
Q4,neo4j,u0005261,5,6.4626,50
Q4,mongo,u0005261,5,16.2128,50
Q4,neo4j,u0005261,6,6.1144,50
Q4,mongo,u0005261,6,13.6956,50
Q4,neo4j,u0005261,7,5.9277,50
Q4,mongo,u0005261,7,13.2534,50
Q4,neo4j,u0005261,8,6.2929,50
Q4,mongo,u0005261,8,14.5439,50
Q4,neo4j,u0005261,9,6.4208,50
Q4,mongo,u0005261,9,12.5274,50
Q4,neo4j,u0005261,10,6.5564,50
Q4,mongo,u0005261,10,41.8511,50
Q4,neo4j,u0005261,11,7.9108,50
Q4,mongo,u0005261,11,16.2751,50
Q4,neo4j,u0005261,12,6.4332,50
Q4,mongo,u0005261,12,19.1591,50
Q4,neo4j,u0005261,13,8.6055,50
Q4,mongo,u0005261,13,14.2030,50
Q4,neo4j,u0005261,14,7.4196,50
Q4,mongo,u0005261,14,15.3581,50
Q4,neo4j,u0005261,15,6.3641,50
Q4,mongo,u0005261,15,12.9533,50
Q4,neo4j,u0005261,16,6.0121,50
Q4,mongo,u0005261,16,13.5277,50
Q4,neo4j,u0005261,17,7.7226,50
Q4,mongo,u0005261,17,13.0848,50
Q4,neo4j,u0005261,18,6.6509,50
Q4,mongo,u0005261,18,16.0389,50
Q4,neo4j,u0005261,19,7.2089,50
Q4,mongo,u0005261,19,13.9890,50
Q1,neo4j,u0001024,0,5.8058,1
Q1,mongo,u0001024,0,2.3357,1
Q1,neo4j,u0001024,1,4.8532,1
Q1,mongo,u0001024,1,2.2121,1
Q1,neo4j,u0001024,2,5.1749,1
Q1,mongo,u0001024,2,1.7847,1
Q1,neo4j,u0001024,3,4.9886,1
Q1,mongo,u0001024,3,1.9913,1
Q1,neo4j,u0001024,4,4.7009,1
Q1,mongo,u0001024,4,2.0856,1
Q1,neo4j,u0001024,5,4.7976,1
Q1,mongo,u0001024,5,1.9247,1
Q1,neo4j,u0001024,6,5.8433,1
Q1,mongo,u0001024,6,4.6194,1
Q1,neo4j,u0001024,7,5.1181,1
Q1,mongo,u0001024,7,1.7478,1
Q1,neo4j,u0001024,8,5.0888,1
Q1,mongo,u0001024,8,1.8040,1
Q1,neo4j,u0001024,9,3.8925,1
Q1,mongo,u0001024,9,2.1226,1
Q1,neo4j,u0001024,10,4.4636,1
Q1,mongo,u0001024,10,1.6671,1
Q1,neo4j,u0001024,11,4.2421,1
Q1,mongo,u0001024,11,5.1288,1
Q1,neo4j,u0001024,12,4.4095,1
Q1,mongo,u0001024,12,1.7511,1
Q1,neo4j,u0001024,13,4.1231,1
Q1,mongo,u0001024,13,1.8278,1
Q1,neo4j,u0001024,14,5.2097,1
Q1,mongo,u0001024,14,2.7100,1
Q1,neo4j,u0001024,15,5.9075,1
Q1,mongo,u0001024,15,1.7888,1
Q1,neo4j,u0001024,16,6.2126,1
Q1,mongo,u0001024,16,2.6273,1
Q1,neo4j,u0001024,17,6.9472,1
Q1,mongo,u0001024,17,2.0156,1
Q1,neo4j,u0001024,18,5.9905,1
Q1,mongo,u0001024,18,3.9197,1
Q1,neo4j,u0001024,19,6.6698,1
Q1,mongo,u0001024,19,2.1302,1
Q2,neo4j,u0001024,0,5.0624,7
Q2,mongo,u0001024,0,3.7936,7
Q2,neo4j,u0001024,1,4.4436,7
Q2,mongo,u0001024,1,3.4436,7
Q2,neo4j,u0001024,2,5.2301,7
Q2,mongo,u0001024,2,4.1285,7
Q2,neo4j,u0001024,3,5.3040,7
Q2,mongo,u0001024,3,3.0320,7
Q2,neo4j,u0001024,4,4.7429,7
Q2,mongo,u0001024,4,3.2983,7
Q2,neo4j,u0001024,5,4.7215,7
Q2,mongo,u0001024,5,3.2322,7
Q2,neo4j,u0001024,6,4.6763,7
Q2,mongo,u0001024,6,3.3631,7
Q2,neo4j,u0001024,7,4.4672,7
Q2,mongo,u0001024,7,3.2540,7
Q2,neo4j,u0001024,8,5.3712,7
Q2,mongo,u0001024,8,6.0349,7
Q2,neo4j,u0001024,9,6.4405,7
Q2,mongo,u0001024,9,4.1040,7
Q2,neo4j,u0001024,10,4.3680,7
Q2,mongo,u0001024,10,3.1890,7
Q2,neo4j,u0001024,11,4.2503,7
Q2,mongo,u0001024,11,3.7664,7
Q2,neo4j,u0001024,12,7.0177,7
Q2,mongo,u0001024,12,3.6130,7
Q2,neo4j,u0001024,13,4.4695,7
Q2,mongo,u0001024,13,3.7457,7
Q2,neo4j,u0001024,14,5.0438,7
Q2,mongo,u0001024,14,3.7735,7
Q2,neo4j,u0001024,15,5.0540,7
Q2,mongo,u0001024,15,3.6416,7
Q2,neo4j,u0001024,16,5.2434,7
Q2,mongo,u0001024,16,3.3900,7
Q2,neo4j,u0001024,17,4.5924,7
Q2,mongo,u0001024,17,3.4926,7
Q2,neo4j,u0001024,18,4.5158,7
Q2,mongo,u0001024,18,3.1454,7
Q2,neo4j,u0001024,19,4.3549,7
Q2,mongo,u0001024,19,4.0578,7
Q3,neo4j,u0001024,0,8.2452,33
Q3,mongo,u0001024,0,43.0274,33
Q3,neo4j,u0001024,1,8.5340,33
Q3,mongo,u0001024,1,41.2556,33
Q3,neo4j,u0001024,2,7.9700,33
Q3,mongo,u0001024,2,40.3188,33
Q3,neo4j,u0001024,3,8.5244,33
Q3,mongo,u0001024,3,60.9040,33
Q3,neo4j,u0001024,4,8.3033,33
Q3,mongo,u0001024,4,42.1746,33
Q3,neo4j,u0001024,5,8.0620,33
Q3,mongo,u0001024,5,50.9679,33
Q3,neo4j,u0001024,6,7.7808,33
Q3,mongo,u0001024,6,38.4274,33
Q3,neo4j,u0001024,7,6.8867,33
Q3,mongo,u0001024,7,80.1457,33
Q3,neo4j,u0001024,8,9.3990,33
Q3,mongo,u0001024,8,45.8009,33
Q3,neo4j,u0001024,9,9.1050,33
Q3,mongo,u0001024,9,40.6818,33
Q3,neo4j,u0001024,10,8.1905,33
Q3,mongo,u0001024,10,61.1769,33
Q3,neo4j,u0001024,11,7.6374,33
Q3,mongo,u0001024,11,33.9460,33
Q3,neo4j,u0001024,12,7.2189,33
Q3,mongo,u0001024,12,40.3262,33
Q3,neo4j,u0001024,13,7.9428,33
Q3,mongo,u0001024,13,30.7334,33
Q3,neo4j,u0001024,14,7.6096,33
Q3,mongo,u0001024,14,53.7907,33
Q3,neo4j,u0001024,15,7.9561,33
Q3,mongo,u0001024,15,35.4130,33
Q3,neo4j,u0001024,16,7.0057,33
Q3,mongo,u0001024,16,49.5895,33
Q3,neo4j,u0001024,17,8.1632,33
Q3,mongo,u0001024,17,36.1187,33
Q3,neo4j,u0001024,18,7.6240,33
Q3,mongo,u0001024,18,55.7944,33
Q3,neo4j,u0001024,19,7.0963,33
Q3,mongo,u0001024,19,50.0950,33
Q4,neo4j,u0001024,0,7.9233,50
Q4,mongo,u0001024,0,22.4822,50
Q4,neo4j,u0001024,1,7.8339,50
Q4,mongo,u0001024,1,19.6662,50
Q4,neo4j,u0001024,2,6.2066,50
Q4,mongo,u0001024,2,16.4041,50
Q4,neo4j,u0001024,3,6.4260,50
Q4,mongo,u0001024,3,20.3264,50
Q4,neo4j,u0001024,4,6.6816,50
Q4,mongo,u0001024,4,20.7677,50
Q4,neo4j,u0001024,5,6.7814,50
Q4,mongo,u0001024,5,21.6424,50
Q4,neo4j,u0001024,6,7.7580,50
Q4,mongo,u0001024,6,18.5280,50
Q4,neo4j,u0001024,7,6.7392,50
Q4,mongo,u0001024,7,35.1820,50
Q4,neo4j,u0001024,8,7.9743,50
Q4,mongo,u0001024,8,20.1532,50
Q4,neo4j,u0001024,9,9.3565,50
Q4,mongo,u0001024,9,23.6252,50
Q4,neo4j,u0001024,10,7.7967,50
Q4,mongo,u0001024,10,23.1771,50
Q4,neo4j,u0001024,11,8.6142,50
Q4,mongo,u0001024,11,19.0661,50
Q4,neo4j,u0001024,12,7.6041,50
Q4,mongo,u0001024,12,26.4029,50
Q4,neo4j,u0001024,13,7.3490,50
Q4,mongo,u0001024,13,17.6601,50
Q4,neo4j,u0001024,14,6.9972,50
Q4,mongo,u0001024,14,18.6697,50
Q4,neo4j,u0001024,15,6.5502,50
Q4,mongo,u0001024,15,20.9583,50
Q4,neo4j,u0001024,16,7.6248,50
Q4,mongo,u0001024,16,42.3533,50
Q4,neo4j,u0001024,17,7.5516,50
Q4,mongo,u0001024,17,21.8719,50
Q4,neo4j,u0001024,18,7.6905,50
Q4,mongo,u0001024,18,44.4320,50
Q4,neo4j,u0001024,19,7.0373,50
Q4,mongo,u0001024,19,21.0018,50
Q1,neo4j,u0001891,0,5.2631,1
Q1,mongo,u0001891,0,2.4472,1
Q1,neo4j,u0001891,1,5.7338,1
Q1,mongo,u0001891,1,3.2051,1
Q1,neo4j,u0001891,2,6.1820,1
Q1,mongo,u0001891,2,2.4655,1
Q1,neo4j,u0001891,3,4.6620,1
Q1,mongo,u0001891,3,2.0831,1
Q1,neo4j,u0001891,4,4.1153,1
Q1,mongo,u0001891,4,1.7832,1
Q1,neo4j,u0001891,5,4.6920,1
Q1,mongo,u0001891,5,2.1286,1
Q1,neo4j,u0001891,6,5.6210,1
Q1,mongo,u0001891,6,1.8128,1
Q1,neo4j,u0001891,7,4.6271,1
Q1,mongo,u0001891,7,1.8506,1
Q1,neo4j,u0001891,8,4.6705,1
Q1,mongo,u0001891,8,2.2464,1
Q1,neo4j,u0001891,9,4.9265,1
Q1,mongo,u0001891,9,1.8930,1
Q1,neo4j,u0001891,10,4.2496,1
Q1,mongo,u0001891,10,1.6925,1
Q1,neo4j,u0001891,11,4.4191,1
Q1,mongo,u0001891,11,1.6071,1
Q1,neo4j,u0001891,12,4.2346,1
Q1,mongo,u0001891,12,1.8516,1
Q1,neo4j,u0001891,13,4.7350,1
Q1,mongo,u0001891,13,2.2057,1
Q1,neo4j,u0001891,14,6.7395,1
Q1,mongo,u0001891,14,1.7802,1
Q1,neo4j,u0001891,15,4.8998,1
Q1,mongo,u0001891,15,1.9612,1
Q1,neo4j,u0001891,16,4.6641,1
Q1,mongo,u0001891,16,2.0122,1
Q1,neo4j,u0001891,17,4.4762,1
Q1,mongo,u0001891,17,2.1870,1
Q1,neo4j,u0001891,18,4.9808,1
Q1,mongo,u0001891,18,1.9922,1
Q1,neo4j,u0001891,19,4.4613,1
Q1,mongo,u0001891,19,2.2167,1
Q2,neo4j,u0001891,0,4.5299,4
Q2,mongo,u0001891,0,3.2584,4
Q2,neo4j,u0001891,1,5.2506,4
Q2,mongo,u0001891,1,3.1292,4
Q2,neo4j,u0001891,2,4.4696,4
Q2,mongo,u0001891,2,4.4407,4
Q2,neo4j,u0001891,3,4.3239,4
Q2,mongo,u0001891,3,2.8296,4
Q2,neo4j,u0001891,4,4.0189,4
Q2,mongo,u0001891,4,2.9299,4
Q2,neo4j,u0001891,5,3.9928,4
Q2,mongo,u0001891,5,4.0920,4
Q2,neo4j,u0001891,6,4.8060,4
Q2,mongo,u0001891,6,2.9483,4
Q2,neo4j,u0001891,7,5.3254,4
Q2,mongo,u0001891,7,3.0802,4
Q2,neo4j,u0001891,8,4.8099,4
Q2,mongo,u0001891,8,3.0139,4
Q2,neo4j,u0001891,9,4.9252,4
Q2,mongo,u0001891,9,4.5784,4
Q2,neo4j,u0001891,10,4.8921,4
Q2,mongo,u0001891,10,8.7594,4
Q2,neo4j,u0001891,11,4.6796,4
Q2,mongo,u0001891,11,5.9071,4
Q2,neo4j,u0001891,12,4.6009,4
Q2,mongo,u0001891,12,5.8555,4
Q2,neo4j,u0001891,13,7.2557,4
Q2,mongo,u0001891,13,10.1113,4
Q2,neo4j,u0001891,14,5.1539,4
Q2,mongo,u0001891,14,6.8326,4
Q2,neo4j,u0001891,15,5.1165,4
Q2,mongo,u0001891,15,3.2415,4
Q2,neo4j,u0001891,16,4.4379,4
Q2,mongo,u0001891,16,2.9013,4
Q2,neo4j,u0001891,17,4.5855,4
Q2,mongo,u0001891,17,2.9306,4
Q2,neo4j,u0001891,18,4.2443,4
Q2,mongo,u0001891,18,2.7818,4
Q2,neo4j,u0001891,19,4.3200,4
Q2,mongo,u0001891,19,2.9795,4
Q3,neo4j,u0001891,0,7.7994,46
Q3,mongo,u0001891,0,52.8829,46
Q3,neo4j,u0001891,1,7.9843,46
Q3,mongo,u0001891,1,44.8675,46
Q3,neo4j,u0001891,2,7.3534,46
Q3,mongo,u0001891,2,42.1842,46
Q3,neo4j,u0001891,3,7.7596,46
Q3,mongo,u0001891,3,65.9685,46
Q3,neo4j,u0001891,4,7.7716,46
Q3,mongo,u0001891,4,42.0843,46
Q3,neo4j,u0001891,5,8.3631,46
Q3,mongo,u0001891,5,49.9580,46
Q3,neo4j,u0001891,6,9.4679,46
Q3,mongo,u0001891,6,56.8791,46
Q3,neo4j,u0001891,7,8.6953,46
Q3,mongo,u0001891,7,65.2138,46
Q3,neo4j,u0001891,8,8.0821,46
Q3,mongo,u0001891,8,43.8972,46
Q3,neo4j,u0001891,9,7.4192,46
Q3,mongo,u0001891,9,44.7667,46
Q3,neo4j,u0001891,10,8.9018,46
Q3,mongo,u0001891,10,52.9035,46
Q3,neo4j,u0001891,11,7.6526,46
Q3,mongo,u0001891,11,40.2177,46
Q3,neo4j,u0001891,12,7.9719,46
Q3,mongo,u0001891,12,41.0223,46
Q3,neo4j,u0001891,13,7.5031,46
Q3,mongo,u0001891,13,47.4860,46
Q3,neo4j,u0001891,14,7.5755,46
Q3,mongo,u0001891,14,60.2763,46
Q3,neo4j,u0001891,15,8.3986,46
Q3,mongo,u0001891,15,54.5023,46
Q3,neo4j,u0001891,16,8.4620,46
Q3,mongo,u0001891,16,34.1762,46
Q3,neo4j,u0001891,17,8.1213,46
Q3,mongo,u0001891,17,62.4019,46
Q3,neo4j,u0001891,18,8.3356,46
Q3,mongo,u0001891,18,44.3662,46
Q3,neo4j,u0001891,19,8.5712,46
Q3,mongo,u0001891,19,51.9904,46
Q4,neo4j,u0001891,0,6.5000,50
Q4,mongo,u0001891,0,23.8079,50
Q4,neo4j,u0001891,1,7.3192,50
Q4,mongo,u0001891,1,20.1591,50
Q4,neo4j,u0001891,2,8.5999,50
Q4,mongo,u0001891,2,15.3468,50
Q4,neo4j,u0001891,3,7.1180,50
Q4,mongo,u0001891,3,17.9162,50
Q4,neo4j,u0001891,4,6.9407,50
Q4,mongo,u0001891,4,16.2691,50
Q4,neo4j,u0001891,5,6.7707,50
Q4,mongo,u0001891,5,16.6667,50
Q4,neo4j,u0001891,6,6.5491,50
Q4,mongo,u0001891,6,19.9558,50
Q4,neo4j,u0001891,7,6.2706,50
Q4,mongo,u0001891,7,35.1753,50
Q4,neo4j,u0001891,8,7.1683,50
Q4,mongo,u0001891,8,18.0786,50
Q4,neo4j,u0001891,9,6.7348,50
Q4,mongo,u0001891,9,18.6269,50
Q4,neo4j,u0001891,10,6.6287,50
Q4,mongo,u0001891,10,15.5404,50
Q4,neo4j,u0001891,11,6.4204,50
Q4,mongo,u0001891,11,20.2976,50
Q4,neo4j,u0001891,12,7.8970,50
Q4,mongo,u0001891,12,25.5398,50
Q4,neo4j,u0001891,13,7.0751,50
Q4,mongo,u0001891,13,18.2742,50
Q4,neo4j,u0001891,14,7.0655,50
Q4,mongo,u0001891,14,16.0850,50
Q4,neo4j,u0001891,15,6.0236,50
Q4,mongo,u0001891,15,17.9012,50
Q4,neo4j,u0001891,16,6.6713,50
Q4,mongo,u0001891,16,15.8151,50
Q4,neo4j,u0001891,17,7.2794,50
Q4,mongo,u0001891,17,40.1880,50
Q4,neo4j,u0001891,18,7.7331,50
Q4,mongo,u0001891,18,21.2139,50
Q4,neo4j,u0001891,19,6.6518,50
Q4,mongo,u0001891,19,17.1081,50
Q1,neo4j,u0000921,0,4.8926,1
Q1,mongo,u0000921,0,2.5031,1
Q1,neo4j,u0000921,1,5.7676,1
Q1,mongo,u0000921,1,1.7390,1
Q1,neo4j,u0000921,2,5.0533,1
Q1,mongo,u0000921,2,1.9776,1
Q1,neo4j,u0000921,3,4.8340,1
Q1,mongo,u0000921,3,1.8439,1
Q1,neo4j,u0000921,4,5.1681,1
Q1,mongo,u0000921,4,1.8901,1
Q1,neo4j,u0000921,5,5.7375,1
Q1,mongo,u0000921,5,2.2764,1
Q1,neo4j,u0000921,6,5.2869,1
Q1,mongo,u0000921,6,1.8869,1
Q1,neo4j,u0000921,7,5.4376,1
Q1,mongo,u0000921,7,1.8775,1
Q1,neo4j,u0000921,8,4.9242,1
Q1,mongo,u0000921,8,1.6001,1
Q1,neo4j,u0000921,9,4.7402,1
Q1,mongo,u0000921,9,1.8467,1
Q1,neo4j,u0000921,10,4.6350,1
Q1,mongo,u0000921,10,1.5794,1
Q1,neo4j,u0000921,11,5.9112,1
Q1,mongo,u0000921,11,2.0805,1
Q1,neo4j,u0000921,12,4.8662,1
Q1,mongo,u0000921,12,1.7263,1
Q1,neo4j,u0000921,13,4.3510,1
Q1,mongo,u0000921,13,1.5429,1
Q1,neo4j,u0000921,14,4.7409,1
Q1,mongo,u0000921,14,1.7488,1
Q1,neo4j,u0000921,15,4.6194,1
Q1,mongo,u0000921,15,1.6184,1
Q1,neo4j,u0000921,16,4.1874,1
Q1,mongo,u0000921,16,1.5351,1
Q1,neo4j,u0000921,17,4.3310,1
Q1,mongo,u0000921,17,1.4181,1
Q1,neo4j,u0000921,18,4.4836,1
Q1,mongo,u0000921,18,1.7133,1
Q1,neo4j,u0000921,19,4.3845,1
Q1,mongo,u0000921,19,1.5293,1
Q2,neo4j,u0000921,0,4.7112,6
Q2,mongo,u0000921,0,3.3465,6
Q2,neo4j,u0000921,1,4.5809,6
Q2,mongo,u0000921,1,3.1881,6
Q2,neo4j,u0000921,2,4.3992,6
Q2,mongo,u0000921,2,2.6062,6
Q2,neo4j,u0000921,3,3.9490,6
Q2,mongo,u0000921,3,2.6204,6
Q2,neo4j,u0000921,4,4.1211,6
Q2,mongo,u0000921,4,3.1730,6
Q2,neo4j,u0000921,5,4.4943,6
Q2,mongo,u0000921,5,3.0582,6
Q2,neo4j,u0000921,6,4.4310,6
Q2,mongo,u0000921,6,2.8215,6
Q2,neo4j,u0000921,7,4.3664,6
Q2,mongo,u0000921,7,2.8403,6
Q2,neo4j,u0000921,8,4.8113,6
Q2,mongo,u0000921,8,3.7408,6
Q2,neo4j,u0000921,9,5.3271,6
Q2,mongo,u0000921,9,3.2804,6
Q2,neo4j,u0000921,10,5.0980,6
Q2,mongo,u0000921,10,3.6957,6
Q2,neo4j,u0000921,11,6.2127,6
Q2,mongo,u0000921,11,3.8860,6
Q2,neo4j,u0000921,12,5.2092,6
Q2,mongo,u0000921,12,4.0924,6
Q2,neo4j,u0000921,13,4.9613,6
Q2,mongo,u0000921,13,3.6537,6
Q2,neo4j,u0000921,14,5.8561,6
Q2,mongo,u0000921,14,4.2631,6
Q2,neo4j,u0000921,15,6.9028,6
Q2,mongo,u0000921,15,4.3096,6
Q2,neo4j,u0000921,16,5.8014,6
Q2,mongo,u0000921,16,3.8765,6
Q2,neo4j,u0000921,17,6.2909,6
Q2,mongo,u0000921,17,6.0562,6
Q2,neo4j,u0000921,18,6.7303,6
Q2,mongo,u0000921,18,3.8138,6
Q2,neo4j,u0000921,19,5.7760,6
Q2,mongo,u0000921,19,4.3870,6
Q3,neo4j,u0000921,0,6.9307,32
Q3,mongo,u0000921,0,46.4385,32
Q3,neo4j,u0000921,1,7.3620,32
Q3,mongo,u0000921,1,59.7674,32
Q3,neo4j,u0000921,2,8.6427,32
Q3,mongo,u0000921,2,48.3516,32
Q3,neo4j,u0000921,3,9.0437,32
Q3,mongo,u0000921,3,47.6237,32
Q3,neo4j,u0000921,4,7.7436,32
Q3,mongo,u0000921,4,64.5795,32
Q3,neo4j,u0000921,5,8.8134,32
Q3,mongo,u0000921,5,46.0460,32
Q3,neo4j,u0000921,6,7.8969,32
Q3,mongo,u0000921,6,45.9052,32
Q3,neo4j,u0000921,7,7.3656,32
Q3,mongo,u0000921,7,40.6275,32
Q3,neo4j,u0000921,8,6.8178,32
Q3,mongo,u0000921,8,76.6010,32
Q3,neo4j,u0000921,9,9.6088,32
Q3,mongo,u0000921,9,43.5812,32
Q3,neo4j,u0000921,10,7.4983,32
Q3,mongo,u0000921,10,43.3078,32
Q3,neo4j,u0000921,11,8.8312,32
Q3,mongo,u0000921,11,50.6887,32
Q3,neo4j,u0000921,12,7.9153,32
Q3,mongo,u0000921,12,70.2170,32
Q3,neo4j,u0000921,13,9.2971,32
Q3,mongo,u0000921,13,42.6363,32
Q3,neo4j,u0000921,14,7.8092,32
Q3,mongo,u0000921,14,42.3453,32
Q3,neo4j,u0000921,15,7.7335,32
Q3,mongo,u0000921,15,62.4632,32
Q3,neo4j,u0000921,16,7.3689,32
Q3,mongo,u0000921,16,41.4409,32
Q3,neo4j,u0000921,17,7.0727,32
Q3,mongo,u0000921,17,34.3874,32
Q3,neo4j,u0000921,18,7.0166,32
Q3,mongo,u0000921,18,35.2417,32
Q3,neo4j,u0000921,19,7.3137,32
Q3,mongo,u0000921,19,50.5904,32
Q4,neo4j,u0000921,0,5.9291,50
Q4,mongo,u0000921,0,16.4056,50
Q4,neo4j,u0000921,1,5.9764,50
Q4,mongo,u0000921,1,25.2816,50
Q4,neo4j,u0000921,2,6.5990,50
Q4,mongo,u0000921,2,16.8320,50
Q4,neo4j,u0000921,3,6.7363,50
Q4,mongo,u0000921,3,39.1175,50
Q4,neo4j,u0000921,4,7.6250,50
Q4,mongo,u0000921,4,19.5497,50
Q4,neo4j,u0000921,5,7.8756,50
Q4,mongo,u0000921,5,19.7291,50
Q4,neo4j,u0000921,6,7.4670,50
Q4,mongo,u0000921,6,21.5431,50
Q4,neo4j,u0000921,7,7.2496,50
Q4,mongo,u0000921,7,18.8214,50
Q4,neo4j,u0000921,8,6.8433,50
Q4,mongo,u0000921,8,20.1021,50
Q4,neo4j,u0000921,9,7.1092,50
Q4,mongo,u0000921,9,21.8205,50
Q4,neo4j,u0000921,10,7.9782,50
Q4,mongo,u0000921,10,17.3027,50
Q4,neo4j,u0000921,11,7.1640,50
Q4,mongo,u0000921,11,22.7423,50
Q4,neo4j,u0000921,12,7.7999,50
Q4,mongo,u0000921,12,31.3840,50
Q4,neo4j,u0000921,13,8.3090,50
Q4,mongo,u0000921,13,16.0613,50
Q4,neo4j,u0000921,14,7.0545,50
Q4,mongo,u0000921,14,17.7088,50
Q4,neo4j,u0000921,15,7.2785,50
Q4,mongo,u0000921,15,22.8212,50
Q4,neo4j,u0000921,16,7.1402,50
Q4,mongo,u0000921,16,23.7092,50
Q4,neo4j,u0000921,17,7.9272,50
Q4,mongo,u0000921,17,26.7950,50
Q4,neo4j,u0000921,18,7.1769,50
Q4,mongo,u0000921,18,18.5602,50
Q4,neo4j,u0000921,19,7.0476,50
Q4,mongo,u0000921,19,17.3279,50
Q1,neo4j,u0004889,0,4.8424,1
Q1,mongo,u0004889,0,2.5757,1
Q1,neo4j,u0004889,1,5.9369,1
Q1,mongo,u0004889,1,2.1780,1
Q1,neo4j,u0004889,2,4.4333,1
Q1,mongo,u0004889,2,1.7532,1
Q1,neo4j,u0004889,3,4.4264,1
Q1,mongo,u0004889,3,1.5786,1
Q1,neo4j,u0004889,4,5.1899,1
Q1,mongo,u0004889,4,2.1118,1
Q1,neo4j,u0004889,5,4.8738,1
Q1,mongo,u0004889,5,1.6662,1
Q1,neo4j,u0004889,6,4.7503,1
Q1,mongo,u0004889,6,1.9748,1
Q1,neo4j,u0004889,7,4.9439,1
Q1,mongo,u0004889,7,1.8927,1
Q1,neo4j,u0004889,8,4.9827,1
Q1,mongo,u0004889,8,3.2726,1
Q1,neo4j,u0004889,9,5.6433,1
Q1,mongo,u0004889,9,1.5717,1
Q1,neo4j,u0004889,10,4.8167,1
Q1,mongo,u0004889,10,1.7459,1
Q1,neo4j,u0004889,11,4.7797,1
Q1,mongo,u0004889,11,1.7965,1
Q1,neo4j,u0004889,12,4.5466,1
Q1,mongo,u0004889,12,1.5997,1
Q1,neo4j,u0004889,13,4.4275,1
Q1,mongo,u0004889,13,1.8360,1
Q1,neo4j,u0004889,14,4.6658,1
Q1,mongo,u0004889,14,1.5460,1
Q1,neo4j,u0004889,15,4.3450,1
Q1,mongo,u0004889,15,1.8408,1
Q1,neo4j,u0004889,16,4.0479,1
Q1,mongo,u0004889,16,1.6651,1
Q1,neo4j,u0004889,17,4.4366,1
Q1,mongo,u0004889,17,1.6138,1
Q1,neo4j,u0004889,18,4.1994,1
Q1,mongo,u0004889,18,1.4771,1
Q1,neo4j,u0004889,19,4.1448,1
Q1,mongo,u0004889,19,1.6949,1
Q2,neo4j,u0004889,0,4.0884,2
Q2,mongo,u0004889,0,2.6702,2
Q2,neo4j,u0004889,1,4.0176,2
Q2,mongo,u0004889,1,2.8662,2
Q2,neo4j,u0004889,2,4.2303,2
Q2,mongo,u0004889,2,2.6943,2
Q2,neo4j,u0004889,3,4.0176,2
Q2,mongo,u0004889,3,2.5641,2
Q2,neo4j,u0004889,4,4.1894,2
Q2,mongo,u0004889,4,3.7257,2
Q2,neo4j,u0004889,5,4.2315,2
Q2,mongo,u0004889,5,2.7619,2
Q2,neo4j,u0004889,6,4.0575,2
Q2,mongo,u0004889,6,2.8239,2
Q2,neo4j,u0004889,7,4.8149,2
Q2,mongo,u0004889,7,3.0744,2
Q2,neo4j,u0004889,8,4.6182,2
Q2,mongo,u0004889,8,3.1261,2
Q2,neo4j,u0004889,9,4.1500,2
Q2,mongo,u0004889,9,2.8450,2
Q2,neo4j,u0004889,10,4.0573,2
Q2,mongo,u0004889,10,2.6351,2
Q2,neo4j,u0004889,11,3.9768,2
Q2,mongo,u0004889,11,2.6340,2
Q2,neo4j,u0004889,12,4.2150,2
Q2,mongo,u0004889,12,2.5874,2
Q2,neo4j,u0004889,13,4.2742,2
Q2,mongo,u0004889,13,2.6106,2
Q2,neo4j,u0004889,14,4.1803,2
Q2,mongo,u0004889,14,2.6758,2
Q2,neo4j,u0004889,15,4.1369,2
Q2,mongo,u0004889,15,2.6710,2
Q2,neo4j,u0004889,16,4.2072,2
Q2,mongo,u0004889,16,2.6520,2
Q2,neo4j,u0004889,17,3.9962,2
Q2,mongo,u0004889,17,2.5584,2
Q2,neo4j,u0004889,18,4.0198,2
Q2,mongo,u0004889,18,2.5442,2
Q2,neo4j,u0004889,19,3.9974,2
Q2,mongo,u0004889,19,2.4755,2
Q3,neo4j,u0004889,0,7.8485,50
Q3,mongo,u0004889,0,41.3479,50
Q3,neo4j,u0004889,1,8.0486,50
Q3,mongo,u0004889,1,45.1382,50
Q3,neo4j,u0004889,2,8.3136,50
Q3,mongo,u0004889,2,60.5038,50
Q3,neo4j,u0004889,3,8.3218,50
Q3,mongo,u0004889,3,55.9723,50
Q3,neo4j,u0004889,4,8.1365,50
Q3,mongo,u0004889,4,43.9230,50
Q3,neo4j,u0004889,5,8.8609,50
Q3,mongo,u0004889,5,56.4404,50
Q3,neo4j,u0004889,6,7.8410,50
Q3,mongo,u0004889,6,49.7655,50
Q3,neo4j,u0004889,7,8.5164,50
Q3,mongo,u0004889,7,46.1142,50
Q3,neo4j,u0004889,8,7.7688,50
Q3,mongo,u0004889,8,40.3169,50
Q3,neo4j,u0004889,9,8.4885,50
Q3,mongo,u0004889,9,91.4929,50
Q3,neo4j,u0004889,10,10.1993,50
Q3,mongo,u0004889,10,42.2829,50
Q3,neo4j,u0004889,11,8.8807,50
Q3,mongo,u0004889,11,40.3204,50
Q3,neo4j,u0004889,12,8.4772,50
Q3,mongo,u0004889,12,67.2403,50
Q3,neo4j,u0004889,13,8.9948,50
Q3,mongo,u0004889,13,48.8724,50
Q3,neo4j,u0004889,14,9.7336,50
Q3,mongo,u0004889,14,56.2630,50
Q3,neo4j,u0004889,15,12.4370,50
Q3,mongo,u0004889,15,65.3435,50
Q3,neo4j,u0004889,16,9.2947,50
Q3,mongo,u0004889,16,54.5022,50
Q3,neo4j,u0004889,17,7.7782,50
Q3,mongo,u0004889,17,41.1468,50
Q3,neo4j,u0004889,18,8.5071,50
Q3,mongo,u0004889,18,47.1546,50
Q3,neo4j,u0004889,19,7.8874,50
Q3,mongo,u0004889,19,55.9176,50
Q4,neo4j,u0004889,0,6.4601,50
Q4,mongo,u0004889,0,13.7874,50
Q4,neo4j,u0004889,1,6.2760,50
Q4,mongo,u0004889,1,16.9520,50
Q4,neo4j,u0004889,2,6.9198,50
Q4,mongo,u0004889,2,16.1213,50
Q4,neo4j,u0004889,3,7.0399,50
Q4,mongo,u0004889,3,16.0000,50
Q4,neo4j,u0004889,4,7.0113,50
Q4,mongo,u0004889,4,38.1813,50
Q4,neo4j,u0004889,5,7.3500,50
Q4,mongo,u0004889,5,16.9252,50
Q4,neo4j,u0004889,6,7.1228,50
Q4,mongo,u0004889,6,14.3246,50
Q4,neo4j,u0004889,7,6.6793,50
Q4,mongo,u0004889,7,15.4797,50
Q4,neo4j,u0004889,8,6.7000,50
Q4,mongo,u0004889,8,12.4483,50
Q4,neo4j,u0004889,9,6.0882,50
Q4,mongo,u0004889,9,12.7211,50
Q4,neo4j,u0004889,10,6.1444,50
Q4,mongo,u0004889,10,13.5669,50
Q4,neo4j,u0004889,11,7.5394,50
Q4,mongo,u0004889,11,12.9811,50
Q4,neo4j,u0004889,12,6.7591,50
Q4,mongo,u0004889,12,16.3950,50
Q4,neo4j,u0004889,13,6.9138,50
Q4,mongo,u0004889,13,14.5074,50
Q4,neo4j,u0004889,14,7.0027,50
Q4,mongo,u0004889,14,13.9770,50
Q4,neo4j,u0004889,15,6.5351,50
Q4,mongo,u0004889,15,14.0926,50
Q4,neo4j,u0004889,16,6.7085,50
Q4,mongo,u0004889,16,12.3955,50
Q4,neo4j,u0004889,17,6.2727,50
Q4,mongo,u0004889,17,33.4832,50
Q4,neo4j,u0004889,18,7.6188,50
Q4,mongo,u0004889,18,16.0136,50
Q4,neo4j,u0004889,19,6.2938,50
Q4,mongo,u0004889,19,19.1787,50
Q5,neo4j,u0009782->u0000015,0,10.5350,2
Q5,mongo,u0009782->u0000015,0,5.5231,2
Q5,neo4j,u0009782->u0000015,1,8.4376,2
Q5,mongo,u0009782->u0000015,1,5.3670,2
Q5,neo4j,u0009782->u0000015,2,7.3612,2
Q5,mongo,u0009782->u0000015,2,6.2323,2
Q5,neo4j,u0009782->u0000015,3,8.1506,2
Q5,mongo,u0009782->u0000015,3,6.7701,2
Q5,neo4j,u0009782->u0000015,4,7.0416,2
Q5,mongo,u0009782->u0000015,4,4.4289,2
Q5,neo4j,u0009782->u0000015,5,7.3124,2
Q5,mongo,u0009782->u0000015,5,5.0040,2
Q5,neo4j,u0009782->u0000015,6,7.3491,2
Q5,mongo,u0009782->u0000015,6,5.4679,2
Q5,neo4j,u0009782->u0000015,7,7.0228,2
Q5,mongo,u0009782->u0000015,7,3.7608,2
Q5,neo4j,u0009782->u0000015,8,7.6431,2
Q5,mongo,u0009782->u0000015,8,11.5790,2
Q5,neo4j,u0009782->u0000015,9,7.6347,2
Q5,mongo,u0009782->u0000015,9,7.2807,2
Q5,neo4j,u0009782->u0000015,10,20.2743,2
Q5,mongo,u0009782->u0000015,10,5.7533,2
Q5,neo4j,u0009782->u0000015,11,6.8041,2
Q5,mongo,u0009782->u0000015,11,4.0041,2
Q5,neo4j,u0009782->u0000015,12,7.1592,2
Q5,mongo,u0009782->u0000015,12,4.8410,2
Q5,neo4j,u0009782->u0000015,13,6.6493,2
Q5,mongo,u0009782->u0000015,13,6.1756,2
Q5,neo4j,u0009782->u0000015,14,8.1154,2
Q5,mongo,u0009782->u0000015,14,5.6726,2
Q5,neo4j,u0009782->u0000015,15,7.3523,2
Q5,mongo,u0009782->u0000015,15,5.7461,2
Q5,neo4j,u0009782->u0000015,16,7.0930,2
Q5,mongo,u0009782->u0000015,16,5.5286,2
Q5,neo4j,u0009782->u0000015,17,6.7580,2
Q5,mongo,u0009782->u0000015,17,4.3402,2
Q5,neo4j,u0009782->u0000015,18,6.9864,2
Q5,mongo,u0009782->u0000015,18,4.2956,2
Q5,neo4j,u0009782->u0000015,19,6.9400,2
Q5,mongo,u0009782->u0000015,19,4.2700,2
Q5,neo4j,u0004759->u0000267,0,4.8102,1
Q5,mongo,u0004759->u0000267,0,2.0233,1
Q5,neo4j,u0004759->u0000267,1,5.4955,1
Q5,mongo,u0004759->u0000267,1,2.1353,1
Q5,neo4j,u0004759->u0000267,2,162.7111,1
Q5,mongo,u0004759->u0000267,2,3.7594,1
Q5,neo4j,u0004759->u0000267,3,7.4542,1
Q5,mongo,u0004759->u0000267,3,2.3995,1
Q5,neo4j,u0004759->u0000267,4,6.2346,1
Q5,mongo,u0004759->u0000267,4,3.1049,1
Q5,neo4j,u0004759->u0000267,5,6.0402,1
Q5,mongo,u0004759->u0000267,5,3.1328,1
Q5,neo4j,u0004759->u0000267,6,5.8458,1
Q5,mongo,u0004759->u0000267,6,2.5382,1
Q5,neo4j,u0004759->u0000267,7,5.6462,1
Q5,mongo,u0004759->u0000267,7,2.2686,1
Q5,neo4j,u0004759->u0000267,8,9.9738,1
Q5,mongo,u0004759->u0000267,8,2.5260,1
Q5,neo4j,u0004759->u0000267,9,4.8772,1
Q5,mongo,u0004759->u0000267,9,2.0605,1
Q5,neo4j,u0004759->u0000267,10,4.8769,1
Q5,mongo,u0004759->u0000267,10,1.7776,1
Q5,neo4j,u0004759->u0000267,11,4.8959,1
Q5,mongo,u0004759->u0000267,11,2.1940,1
Q5,neo4j,u0004759->u0000267,12,5.8052,1
Q5,mongo,u0004759->u0000267,12,2.3908,1
Q5,neo4j,u0004759->u0000267,13,5.2416,1
Q5,mongo,u0004759->u0000267,13,5.9976,1
Q5,neo4j,u0004759->u0000267,14,4.9307,1
Q5,mongo,u0004759->u0000267,14,1.9214,1
Q5,neo4j,u0004759->u0000267,15,4.5781,1
Q5,mongo,u0004759->u0000267,15,1.8610,1
Q5,neo4j,u0004759->u0000267,16,4.5715,1
Q5,mongo,u0004759->u0000267,16,1.8094,1
Q5,neo4j,u0004759->u0000267,17,4.4291,1
Q5,mongo,u0004759->u0000267,17,1.9308,1
Q5,neo4j,u0004759->u0000267,18,5.4636,1
Q5,mongo,u0004759->u0000267,18,2.4749,1
Q5,neo4j,u0004759->u0000267,19,5.6440,1
Q5,mongo,u0004759->u0000267,19,2.1068,1
Q5,neo4j,u0006588->u0000028,0,5.2296,2
Q5,mongo,u0006588->u0000028,0,3.8322,2
Q5,neo4j,u0006588->u0000028,1,5.2475,2
Q5,mongo,u0006588->u0000028,1,4.0142,2
Q5,neo4j,u0006588->u0000028,2,6.0756,2
Q5,mongo,u0006588->u0000028,2,4.6582,2
Q5,neo4j,u0006588->u0000028,3,5.9813,2
Q5,mongo,u0006588->u0000028,3,4.0056,2
Q5,neo4j,u0006588->u0000028,4,6.2596,2
Q5,mongo,u0006588->u0000028,4,5.4109,2
Q5,neo4j,u0006588->u0000028,5,6.1187,2
Q5,mongo,u0006588->u0000028,5,3.5570,2
Q5,neo4j,u0006588->u0000028,6,5.8309,2
Q5,mongo,u0006588->u0000028,6,4.0652,2
Q5,neo4j,u0006588->u0000028,7,6.2613,2
Q5,mongo,u0006588->u0000028,7,4.2515,2
Q5,neo4j,u0006588->u0000028,8,6.0595,2
Q5,mongo,u0006588->u0000028,8,4.5687,2
Q5,neo4j,u0006588->u0000028,9,5.1703,2
Q5,mongo,u0006588->u0000028,9,3.2583,2
Q5,neo4j,u0006588->u0000028,10,5.3260,2
Q5,mongo,u0006588->u0000028,10,3.7568,2
Q5,neo4j,u0006588->u0000028,11,5.3877,2
Q5,mongo,u0006588->u0000028,11,3.2660,2
Q5,neo4j,u0006588->u0000028,12,5.2155,2
Q5,mongo,u0006588->u0000028,12,3.4006,2
Q5,neo4j,u0006588->u0000028,13,5.0762,2
Q5,mongo,u0006588->u0000028,13,3.1356,2
Q5,neo4j,u0006588->u0000028,14,5.2260,2
Q5,mongo,u0006588->u0000028,14,3.5061,2
Q5,neo4j,u0006588->u0000028,15,6.2727,2
Q5,mongo,u0006588->u0000028,15,4.1238,2
Q5,neo4j,u0006588->u0000028,16,5.7500,2
Q5,mongo,u0006588->u0000028,16,3.3349,2
Q5,neo4j,u0006588->u0000028,17,5.6439,2
Q5,mongo,u0006588->u0000028,17,3.9665,2
Q5,neo4j,u0006588->u0000028,18,5.2463,2
Q5,mongo,u0006588->u0000028,18,3.2427,2
Q5,neo4j,u0006588->u0000028,19,5.0539,2
Q5,mongo,u0006588->u0000028,19,3.0580,2
Q5,neo4j,u0001331->u0000050,0,5.4393,3
Q5,mongo,u0001331->u0000050,0,5.3620,3
Q5,neo4j,u0001331->u0000050,1,6.0976,3
Q5,mongo,u0001331->u0000050,1,6.7745,3
Q5,neo4j,u0001331->u0000050,2,5.9924,3
Q5,mongo,u0001331->u0000050,2,5.4000,3
Q5,neo4j,u0001331->u0000050,3,6.4076,3
Q5,mongo,u0001331->u0000050,3,6.1384,3
Q5,neo4j,u0001331->u0000050,4,6.2991,3
Q5,mongo,u0001331->u0000050,4,5.7464,3
Q5,neo4j,u0001331->u0000050,5,5.0896,3
Q5,mongo,u0001331->u0000050,5,6.1630,3
Q5,neo4j,u0001331->u0000050,6,6.7608,3
Q5,mongo,u0001331->u0000050,6,10.1031,3
Q5,neo4j,u0001331->u0000050,7,10.1765,3
Q5,mongo,u0001331->u0000050,7,10.9495,3
Q5,neo4j,u0001331->u0000050,8,10.2294,3
Q5,mongo,u0001331->u0000050,8,8.1278,3
Q5,neo4j,u0001331->u0000050,9,8.3203,3
Q5,mongo,u0001331->u0000050,9,8.2206,3
Q5,neo4j,u0001331->u0000050,10,6.1357,3
Q5,mongo,u0001331->u0000050,10,6.7078,3
Q5,neo4j,u0001331->u0000050,11,7.0157,3
Q5,mongo,u0001331->u0000050,11,7.9667,3
Q5,neo4j,u0001331->u0000050,12,5.9684,3
Q5,mongo,u0001331->u0000050,12,6.6192,3
Q5,neo4j,u0001331->u0000050,13,6.5274,3
Q5,mongo,u0001331->u0000050,13,6.4499,3
Q5,neo4j,u0001331->u0000050,14,5.2967,3
Q5,mongo,u0001331->u0000050,14,5.7787,3
Q5,neo4j,u0001331->u0000050,15,5.7473,3
Q5,mongo,u0001331->u0000050,15,5.7998,3
Q5,neo4j,u0001331->u0000050,16,6.0793,3
Q5,mongo,u0001331->u0000050,16,6.0710,3
Q5,neo4j,u0001331->u0000050,17,5.0031,3
Q5,mongo,u0001331->u0000050,17,7.2971,3
Q5,neo4j,u0001331->u0000050,18,5.0138,3
Q5,mongo,u0001331->u0000050,18,5.0510,3
Q5,neo4j,u0001331->u0000050,19,4.7620,3
Q5,mongo,u0001331->u0000050,19,11.4351,3
Q5,neo4j,u0001396->u0000102,0,5.1107,3
Q5,mongo,u0001396->u0000102,0,4.8920,3
Q5,neo4j,u0001396->u0000102,1,4.9311,3
Q5,mongo,u0001396->u0000102,1,4.7732,3
Q5,neo4j,u0001396->u0000102,2,4.6233,3
Q5,mongo,u0001396->u0000102,2,5.0798,3
Q5,neo4j,u0001396->u0000102,3,5.5923,3
Q5,mongo,u0001396->u0000102,3,5.9135,3
Q5,neo4j,u0001396->u0000102,4,5.7316,3
Q5,mongo,u0001396->u0000102,4,5.1908,3
Q5,neo4j,u0001396->u0000102,5,4.9048,3
Q5,mongo,u0001396->u0000102,5,4.8582,3
Q5,neo4j,u0001396->u0000102,6,4.7841,3
Q5,mongo,u0001396->u0000102,6,4.5153,3
Q5,neo4j,u0001396->u0000102,7,4.9811,3
Q5,mongo,u0001396->u0000102,7,6.0029,3
Q5,neo4j,u0001396->u0000102,8,5.2325,3
Q5,mongo,u0001396->u0000102,8,4.9234,3
Q5,neo4j,u0001396->u0000102,9,5.1261,3
Q5,mongo,u0001396->u0000102,9,5.2943,3
Q5,neo4j,u0001396->u0000102,10,5.4555,3
Q5,mongo,u0001396->u0000102,10,4.8084,3
Q5,neo4j,u0001396->u0000102,11,4.9182,3
Q5,mongo,u0001396->u0000102,11,4.5975,3
Q5,neo4j,u0001396->u0000102,12,5.1483,3
Q5,mongo,u0001396->u0000102,12,4.9874,3
Q5,neo4j,u0001396->u0000102,13,4.7866,3
Q5,mongo,u0001396->u0000102,13,4.8411,3
Q5,neo4j,u0001396->u0000102,14,5.0476,3
Q5,mongo,u0001396->u0000102,14,4.8004,3
Q5,neo4j,u0001396->u0000102,15,4.9498,3
Q5,mongo,u0001396->u0000102,15,4.6093,3
Q5,neo4j,u0001396->u0000102,16,4.6797,3
Q5,mongo,u0001396->u0000102,16,5.9385,3
Q5,neo4j,u0001396->u0000102,17,4.7692,3
Q5,mongo,u0001396->u0000102,17,4.9018,3
Q5,neo4j,u0001396->u0000102,18,4.8717,3
Q5,mongo,u0001396->u0000102,18,5.0158,3
Q5,neo4j,u0001396->u0000102,19,5.1971,3
Q5,mongo,u0001396->u0000102,19,5.5389,3
Q5,neo4j,u0003813->u0000071,0,5.7697,2
Q5,mongo,u0003813->u0000071,0,3.9115,2
Q5,neo4j,u0003813->u0000071,1,5.1327,2
Q5,mongo,u0003813->u0000071,1,3.4556,2
Q5,neo4j,u0003813->u0000071,2,5.0992,2
Q5,mongo,u0003813->u0000071,2,3.1043,2
Q5,neo4j,u0003813->u0000071,3,4.7967,2
Q5,mongo,u0003813->u0000071,3,3.7604,2
Q5,neo4j,u0003813->u0000071,4,6.0411,2
Q5,mongo,u0003813->u0000071,4,4.0639,2
Q5,neo4j,u0003813->u0000071,5,5.3221,2
Q5,mongo,u0003813->u0000071,5,3.2980,2
Q5,neo4j,u0003813->u0000071,6,5.4100,2
Q5,mongo,u0003813->u0000071,6,3.6967,2
Q5,neo4j,u0003813->u0000071,7,5.2431,2
Q5,mongo,u0003813->u0000071,7,3.0039,2
Q5,neo4j,u0003813->u0000071,8,4.8457,2
Q5,mongo,u0003813->u0000071,8,3.1804,2
Q5,neo4j,u0003813->u0000071,9,4.9282,2
Q5,mongo,u0003813->u0000071,9,2.8521,2
Q5,neo4j,u0003813->u0000071,10,4.5768,2
Q5,mongo,u0003813->u0000071,10,3.0258,2
Q5,neo4j,u0003813->u0000071,11,4.9271,2
Q5,mongo,u0003813->u0000071,11,3.2503,2
Q5,neo4j,u0003813->u0000071,12,5.0034,2
Q5,mongo,u0003813->u0000071,12,2.9475,2
Q5,neo4j,u0003813->u0000071,13,4.9074,2
Q5,mongo,u0003813->u0000071,13,2.8249,2
Q5,neo4j,u0003813->u0000071,14,4.9621,2
Q5,mongo,u0003813->u0000071,14,3.1866,2
Q5,neo4j,u0003813->u0000071,15,4.7687,2
Q5,mongo,u0003813->u0000071,15,3.2032,2
Q5,neo4j,u0003813->u0000071,16,6.1199,2
Q5,mongo,u0003813->u0000071,16,4.7891,2
Q5,neo4j,u0003813->u0000071,17,6.1014,2
Q5,mongo,u0003813->u0000071,17,6.2580,2
Q5,neo4j,u0003813->u0000071,18,6.7740,2
Q5,mongo,u0003813->u0000071,18,4.3427,2
Q5,neo4j,u0003813->u0000071,19,6.8843,2
Q5,mongo,u0003813->u0000071,19,4.9529,2
Q5,neo4j,u0002638->u0000123,0,5.5055,2
Q5,mongo,u0002638->u0000123,0,3.9955,2
Q5,neo4j,u0002638->u0000123,1,4.9347,2
Q5,mongo,u0002638->u0000123,1,3.7025,2
Q5,neo4j,u0002638->u0000123,2,5.0931,2
Q5,mongo,u0002638->u0000123,2,3.4685,2
Q5,neo4j,u0002638->u0000123,3,5.4229,2
Q5,mongo,u0002638->u0000123,3,4.4541,2
Q5,neo4j,u0002638->u0000123,4,4.8656,2
Q5,mongo,u0002638->u0000123,4,3.3865,2
Q5,neo4j,u0002638->u0000123,5,4.4242,2
Q5,mongo,u0002638->u0000123,5,3.6998,2
Q5,neo4j,u0002638->u0000123,6,5.5512,2
Q5,mongo,u0002638->u0000123,6,3.8950,2
Q5,neo4j,u0002638->u0000123,7,5.3667,2
Q5,mongo,u0002638->u0000123,7,4.4642,2
Q5,neo4j,u0002638->u0000123,8,5.8102,2
Q5,mongo,u0002638->u0000123,8,3.9899,2
Q5,neo4j,u0002638->u0000123,9,4.5734,2
Q5,mongo,u0002638->u0000123,9,3.4982,2
Q5,neo4j,u0002638->u0000123,10,4.6449,2
Q5,mongo,u0002638->u0000123,10,3.2293,2
Q5,neo4j,u0002638->u0000123,11,5.0207,2
Q5,mongo,u0002638->u0000123,11,4.2532,2
Q5,neo4j,u0002638->u0000123,12,4.9745,2
Q5,mongo,u0002638->u0000123,12,3.5518,2
Q5,neo4j,u0002638->u0000123,13,4.5621,2
Q5,mongo,u0002638->u0000123,13,3.2055,2
Q5,neo4j,u0002638->u0000123,14,4.6235,2
Q5,mongo,u0002638->u0000123,14,3.2317,2
Q5,neo4j,u0002638->u0000123,15,6.0784,2
Q5,mongo,u0002638->u0000123,15,3.8758,2
Q5,neo4j,u0002638->u0000123,16,5.4196,2
Q5,mongo,u0002638->u0000123,16,16.8127,2
Q5,neo4j,u0002638->u0000123,17,6.6298,2
Q5,mongo,u0002638->u0000123,17,15.0477,2
Q5,neo4j,u0002638->u0000123,18,7.4228,2
Q5,mongo,u0002638->u0000123,18,11.5436,2
Q5,neo4j,u0002638->u0000123,19,6.3891,2
Q5,mongo,u0002638->u0000123,19,14.1190,2
Q5,neo4j,u0004808->u0000129,0,7.5882,2
Q5,mongo,u0004808->u0000129,0,6.2266,2
Q5,neo4j,u0004808->u0000129,1,7.0087,2
Q5,mongo,u0004808->u0000129,1,11.0392,2
Q5,neo4j,u0004808->u0000129,2,8.1035,2
Q5,mongo,u0004808->u0000129,2,6.3029,2
Q5,neo4j,u0004808->u0000129,3,6.9166,2
Q5,mongo,u0004808->u0000129,3,7.0592,2
Q5,neo4j,u0004808->u0000129,4,6.9470,2
Q5,mongo,u0004808->u0000129,4,9.3547,2
Q5,neo4j,u0004808->u0000129,5,6.8469,2
Q5,mongo,u0004808->u0000129,5,5.2948,2
Q5,neo4j,u0004808->u0000129,6,8.1889,2
Q5,mongo,u0004808->u0000129,6,7.0212,2
Q5,neo4j,u0004808->u0000129,7,7.1909,2
Q5,mongo,u0004808->u0000129,7,4.5678,2
Q5,neo4j,u0004808->u0000129,8,7.2130,2
Q5,mongo,u0004808->u0000129,8,6.6624,2
Q5,neo4j,u0004808->u0000129,9,5.5217,2
Q5,mongo,u0004808->u0000129,9,3.8128,2
Q5,neo4j,u0004808->u0000129,10,5.4006,2
Q5,mongo,u0004808->u0000129,10,3.6367,2
Q5,neo4j,u0004808->u0000129,11,5.4144,2
Q5,mongo,u0004808->u0000129,11,9.2006,2
Q5,neo4j,u0004808->u0000129,12,6.2397,2
Q5,mongo,u0004808->u0000129,12,3.7892,2
Q5,neo4j,u0004808->u0000129,13,5.6485,2
Q5,mongo,u0004808->u0000129,13,11.7971,2
Q5,neo4j,u0004808->u0000129,14,6.8044,2
Q5,mongo,u0004808->u0000129,14,15.1954,2
Q5,neo4j,u0004808->u0000129,15,7.2579,2
Q5,mongo,u0004808->u0000129,15,9.8729,2
Q5,neo4j,u0004808->u0000129,16,7.4087,2
Q5,mongo,u0004808->u0000129,16,15.6329,2
Q5,neo4j,u0004808->u0000129,17,7.2598,2
Q5,mongo,u0004808->u0000129,17,14.7185,2
Q5,neo4j,u0004808->u0000129,18,6.5201,2
Q5,mongo,u0004808->u0000129,18,14.8708,2
Q5,neo4j,u0004808->u0000129,19,7.2815,2
Q5,mongo,u0004808->u0000129,19,8.9384,2
Q5,neo4j,u0006287->u0000250,0,6.0271,4
Q5,mongo,u0006287->u0000250,0,14.0606,4
Q5,neo4j,u0006287->u0000250,1,6.5944,4
Q5,mongo,u0006287->u0000250,1,24.7291,4
Q5,neo4j,u0006287->u0000250,2,7.1164,4
Q5,mongo,u0006287->u0000250,2,11.8198,4
Q5,neo4j,u0006287->u0000250,3,8.9352,4
Q5,mongo,u0006287->u0000250,3,9.5061,4
Q5,neo4j,u0006287->u0000250,4,7.0953,4
Q5,mongo,u0006287->u0000250,4,9.4416,4
Q5,neo4j,u0006287->u0000250,5,6.6423,4
Q5,mongo,u0006287->u0000250,5,9.8470,4
Q5,neo4j,u0006287->u0000250,6,6.9863,4
Q5,mongo,u0006287->u0000250,6,8.6878,4
Q5,neo4j,u0006287->u0000250,7,5.9788,4
Q5,mongo,u0006287->u0000250,7,7.9878,4
Q5,neo4j,u0006287->u0000250,8,6.2867,4
Q5,mongo,u0006287->u0000250,8,12.6310,4
Q5,neo4j,u0006287->u0000250,9,7.1451,4
Q5,mongo,u0006287->u0000250,9,9.0098,4
Q5,neo4j,u0006287->u0000250,10,6.5820,4
Q5,mongo,u0006287->u0000250,10,8.5493,4
Q5,neo4j,u0006287->u0000250,11,5.9854,4
Q5,mongo,u0006287->u0000250,11,8.6110,4
Q5,neo4j,u0006287->u0000250,12,7.0443,4
Q5,mongo,u0006287->u0000250,12,14.5049,4
Q5,neo4j,u0006287->u0000250,13,7.2091,4
Q5,mongo,u0006287->u0000250,13,15.4576,4
Q5,neo4j,u0006287->u0000250,14,7.4146,4
Q5,mongo,u0006287->u0000250,14,14.1183,4
Q5,neo4j,u0006287->u0000250,15,7.3507,4
Q5,mongo,u0006287->u0000250,15,15.5650,4
Q5,neo4j,u0006287->u0000250,16,8.6033,4
Q5,mongo,u0006287->u0000250,16,13.4298,4
Q5,neo4j,u0006287->u0000250,17,7.1722,4
Q5,mongo,u0006287->u0000250,17,13.1147,4
Q5,neo4j,u0006287->u0000250,18,7.1669,4
Q5,mongo,u0006287->u0000250,18,14.3236,4
Q5,neo4j,u0006287->u0000250,19,7.3543,4
Q5,mongo,u0006287->u0000250,19,14.3145,4
Q5,neo4j,u0006066->u0000036,0,6.1240,2
Q5,mongo,u0006066->u0000036,0,7.3632,2
Q5,neo4j,u0006066->u0000036,1,5.6575,2
Q5,mongo,u0006066->u0000036,1,4.1099,2
Q5,neo4j,u0006066->u0000036,2,5.9979,2
Q5,mongo,u0006066->u0000036,2,6.2463,2
Q5,neo4j,u0006066->u0000036,3,6.8386,2
Q5,mongo,u0006066->u0000036,3,4.7833,2
Q5,neo4j,u0006066->u0000036,4,5.9464,2
Q5,mongo,u0006066->u0000036,4,3.7995,2
Q5,neo4j,u0006066->u0000036,5,5.6818,2
Q5,mongo,u0006066->u0000036,5,5.6534,2
Q5,neo4j,u0006066->u0000036,6,5.5620,2
Q5,mongo,u0006066->u0000036,6,6.3603,2
Q5,neo4j,u0006066->u0000036,7,5.9784,2
Q5,mongo,u0006066->u0000036,7,8.3847,2
Q5,neo4j,u0006066->u0000036,8,6.4561,2
Q5,mongo,u0006066->u0000036,8,5.0009,2
Q5,neo4j,u0006066->u0000036,9,6.3009,2
Q5,mongo,u0006066->u0000036,9,7.2740,2
Q5,neo4j,u0006066->u0000036,10,8.1469,2
Q5,mongo,u0006066->u0000036,10,7.8166,2
Q5,neo4j,u0006066->u0000036,11,5.9359,2
Q5,mongo,u0006066->u0000036,11,9.5746,2
Q5,neo4j,u0006066->u0000036,12,7.2768,2
Q5,mongo,u0006066->u0000036,12,5.8816,2
Q5,neo4j,u0006066->u0000036,13,6.7121,2
Q5,mongo,u0006066->u0000036,13,4.9516,2
Q5,neo4j,u0006066->u0000036,14,5.8216,2
Q5,mongo,u0006066->u0000036,14,5.1313,2
Q5,neo4j,u0006066->u0000036,15,6.8521,2
Q5,mongo,u0006066->u0000036,15,5.9525,2
Q5,neo4j,u0006066->u0000036,16,6.1128,2
Q5,mongo,u0006066->u0000036,16,4.8921,2
Q5,neo4j,u0006066->u0000036,17,6.3496,2
Q5,mongo,u0006066->u0000036,17,4.6567,2
Q5,neo4j,u0006066->u0000036,18,5.2514,2
Q5,mongo,u0006066->u0000036,18,4.0971,2
Q5,neo4j,u0006066->u0000036,19,7.3400,2
Q5,mongo,u0006066->u0000036,19,7.0711,2
